country_name,country_code,year,value
Afghanistan,AFG,1990,NA
Albania,ALB,1990,2028553750
Algeria,DZA,1990,62048562947.2509
American Samoa,ASM,1990,NA
Andorra,AND,1990,1029048481.88051
Angola,AGO,1990,11228764963.2353
Antigua and Barbuda,ATG,1990,459470370.37037
Argentina,ARG,1990,141352368714.691
Armenia,ARM,1990,2256838857.60997
Aruba,ABW,1990,764804469.273743
Australia,AUS,1990,311433628318.584
Austria,AUT,1990,166463386179.354
Azerbaijan,AZE,1990,8858006035.91566
"Bahamas, The",BHS,1990,3166000000
Bahrain,BHR,1990,4229787234.04255
Bangladesh,BGD,1990,31598341233.463
Barbados,BRB,1990,2012131457.26644
Belarus,BLR,1990,21650000000
Belgium,BEL,1990,205331747947.851
Belize,BLZ,1990,549500000
Benin,BEN,1990,1959965243.76269
Bermuda,BMU,1990,1592400000
Bhutan,BTN,1990,287658184.003427
Bolivia,BOL,1990,4867582597.52327
Bosnia and Herzegovina,BIH,1990,NA
Botswana,BWA,1990,3790567051.86778
Brazil,BRA,1990,390725626002.866
British Virgin Islands,VGB,1990,NA
Brunei Darussalam,BRN,1990,3520551724.13793
Bulgaria,BGR,1990,20632090909.0909
Burkina Faso,BFA,1990,3101300641.87512
Burundi,BDI,1990,1132101252.51817
Cabo Verde,CPV,1990,306891107.262039
Cambodia,KHM,1990,NA
Cameroon,CMR,1990,12314482085.0878
Canada,CAN,1990,593929550908.468
Cayman Islands,CYM,1990,NA
Central African Republic,CAF,1990,1440711395.67069
Chad,TCD,1990,1738605558.08241
Channel Islands,CHI,1990,NA
Chile,CHL,1990,33113887818.957
China,CHN,1990,360857912565.966
Colombia,COL,1990,47844090709.9908
Comoros,COM,1990,429622147.743446
"Congo, Dem. Rep.",COD,1990,9349764580.41173
"Congo, Rep.",COG,1990,2798746050.58236
Costa Rica,CRI,1990,5711687786.75989
Cote d'Ivoire,CIV,1990,10795850106.9547
Croatia,HRV,1990,NA
Cuba,CUB,1990,28645436569.1489
Curacao,CUW,1990,NA
Cyprus,CYP,1990,5591130217.66965
Czechia,CZE,1990,40728950704.6176
Denmark,DNK,1990,138247285815.855
Djibouti,DJI,1990,452328087.282876
Dominica,DMA,1990,201429629.62963
Dominican Republic,DOM,1990,7073675544.79021
Ecuador,ECU,1990,15239278100.3502
"Egypt, Arab Rep.",EGY,1990,42978914311.3504
El Salvador,SLV,1990,4817542204
Equatorial Guinea,GNQ,1990,112119406.548331
Eritrea,ERI,1990,NA
Estonia,EST,1990,NA
Eswatini,SWZ,1990,1114703088.1614
Ethiopia,ETH,1990,12175166763.285
Faroe Islands,FRO,1990,NA
Fiji,FJI,1990,1337024782.22702
Finland,FIN,1990,141438345513.917
France,FRA,1990,1269179616913.63
French Polynesia,PYF,1990,3320159522.5334
Gabon,GAB,1990,5952293765.94088
"Gambia, The",GMB,1990,317083373.524559
Georgia,GEO,1990,7753501867.76095
Germany,DEU,1990,1771671206875.68
Ghana,GHA,1990,5889174825.487
Gibraltar,GIB,1990,NA
Greece,GRC,1990,97891092003.4394
Greenland,GRL,1990,1018970364.86443
Grenada,GRD,1990,278098762.962963
Guam,GUM,1990,NA
Guatemala,GTM,1990,7650125217.35253
Guinea,GIN,1990,2666750685.8495
Guinea-Bissau,GNB,1990,243961995.512687
Guyana,GUY,1990,396582263.291139
Haiti,HTI,1990,3096289800
Honduras,HND,1990,4923009551.55642
"Hong Kong SAR, China",HKG,1990,76928290841.8701
Hungary,HUN,1990,NA
Iceland,ISL,1990,6468736355.55678
India,IND,1990,320979026420.035
Indonesia,IDN,1990,106140727356.675
"Iran, Islamic Rep.",IRN,1990,124813263926.225
Iraq,IRQ,1990,180408064516.129
Ireland,IRL,1990,49305632408.4929
Isle of Man,IMN,1990,NA
Israel,ISR,1990,NA
Italy,ITA,1990,1181222653522.95
Jamaica,JAM,1990,4592224067.37194
Japan,JPN,1990,3132817652848.04
Jordan,JOR,1990,4160162724.12234
Kazakhstan,KAZ,1990,26932729102.7371
Kenya,KEN,1990,8572359162.74408
Kiribati,KIR,1990,42931855.4367341
"Korea, Dem. People's Rep.",PRK,1990,NA
"Korea, Rep.",KOR,1990,283367525714.932
Kosovo,XKX,1990,NA
Kuwait,KWT,1990,18427777777.7778
Kyrgyz Republic,KGZ,1990,2675000000
Lao PDR,LAO,1990,865559856.1639
Latvia,LVA,1990,NA
Lebanon,LBN,1990,2838485353.96187
Lesotho,LSO,1990,596415104.549144
Liberia,LBR,1990,NA
Libya,LBY,1990,28901836158.1921
Liechtenstein,LIE,1990,1421466239.56234
Lithuania,LTU,1990,NA
Luxembourg,LUX,1990,12778792853.6939
"Macao SAR, China",MAC,1990,3246477995.26244
Madagascar,MDG,1990,3931334870.67235
Malawi,MWI,1990,1880771556.30474
Malaysia,MYS,1990,44024178343.0071
Maldives,MDV,1990,215043969.849246
Mali,MLI,1990,2681912149.14767
Malta,MLT,1990,2547163582.33149
Marshall Islands,MHL,1990,78476000
Mauritania,MRT,1990,1506914407.82047
Mauritius,MUS,1990,2653480001.34558
Mexico,MEX,1990,261253582805.945
"Micronesia, Fed. Sts.",FSM,1990,147200000
Moldova,MDA,1990,NA
Monaco,MCO,1990,2481316053.96507
Mongolia,MNG,1990,2560785660
Montenegro,MNE,1990,NA
Morocco,MAR,1990,30180108561.9305
Mozambique,MOZ,1990,NA
Myanmar,MMR,1990,2036373522.68939
Namibia,NAM,1990,2789944497.97086
Nauru,NRU,1990,NA
Nepal,NPL,1990,3627562402.66027
Netherlands,NLD,1990,318330511920.61
New Caledonia,NCL,1990,2529440424.29422
New Zealand,NZL,1990,45495129385.0475
Nicaragua,NIC,1990,1009455483.87097
Niger,NER,1990,3512356353.0798
Nigeria,NGA,1990,54035795387.8086
North Macedonia,MKD,1990,4699646643.10954
Northern Mariana Islands,MNP,1990,NA
Norway,NOR,1990,119791683307.507
Oman,OMN,1990,11685045513.6541
Pakistan,PAK,1990,40010423970.4576
Palau,PLW,1990,NA
Panama,PAN,1990,6433967000
Papua New Guinea,PNG,1990,3219730364.99623
Paraguay,PRY,1990,5812114523.01187
Peru,PER,1990,26410386669.3532
Philippines,PHL,1990,50508286641.5746
Poland,POL,1990,65977749036.9844
Portugal,PRT,1990,78713860216.5659
Puerto Rico,PRI,1990,30603919000
Qatar,QAT,1990,7360439423.07692
Romania,ROU,1990,38995454545.4545
Russian Federation,RUS,1990,516814274021.956
Rwanda,RWA,1990,2550185618.14774
Samoa,WSM,1990,125766269.755358
San Marino,SMR,1990,NA
Sao Tome and Principe,STP,1990,NA
Saudi Arabia,SAU,1990,117630271802.403
Senegal,SEN,1990,7390967034.66625
Serbia,SRB,1990,NA
Seychelles,SYC,1990,368584758.942457
Sierra Leone,SLE,1990,649644826.800447
Singapore,SGP,1990,36144336768.7023
Sint Maarten (Dutch part),SXM,1990,NA
Slovak Republic,SVK,1990,12747380650.0762
Slovenia,SVN,1990,NA
Solomon Islands,SLB,1990,214877638.378336
Somalia,SOM,1990,917044228.00846
South Africa,ZAF,1990,126048148263.098
South Sudan,SSD,1990,NA
Spain,ESP,1990,536558591250.408
Sri Lanka,LKA,1990,8032551173.24014
St. Kitts and Nevis,KNA,1990,217259259.259259
St. Lucia,LCA,1990,579629629.62963
St. Martin (French part),MAF,1990,NA
St. Vincent and the Grenadines,VCT,1990,240366666.666667
Sudan,SDN,1990,33641222222.2222
Suriname,SUR,1990,388400000
Sweden,SWE,1990,261846194498.885
Switzerland,CHE,1990,265763573999.424
Syrian Arab Republic,SYR,1990,23904498886.4143
Tajikistan,TJK,1990,2631768953.06859
Tanzania,TZA,1990,4258743262.82876
Thailand,THA,1990,85343063965.9182
Timor-Leste,TLS,1990,NA
Togo,TGO,1990,1628427515.41881
Tonga,TON,1990,113563821.577404
Trinidad and Tobago,TTO,1990,5068000000
Tunisia,TUN,1990,12290568181.8182
Turkiye,TUR,1990,150676291094.21
Turkmenistan,TKM,1990,3188097768.33156
Turks and Caicos Islands,TCA,1990,NA
Tuvalu,TUV,1990,8824447.74022325
Uganda,UGA,1990,4304398865.88268
Ukraine,UKR,1990,81393558423.4406
United Arab Emirates,ARE,1990,50701443748.2975
United Kingdom,GBR,1990,1093169389204.55
United States,USA,1990,5963144000000
Uruguay,URY,1990,9298839655.23138
Uzbekistan,UZB,1990,13360607917.8773
Vanuatu,VUT,1990,168879207.244148
"Venezuela, RB",VEN,1990,48598315565.032
Vietnam,VNM,1990,6471740805.56984
Virgin Islands (U.S.),VIR,1990,NA
West Bank and Gaza,PSE,1990,NA
"Yemen, Rep.",YEM,1990,5647119229.00763
Zambia,ZMB,1990,3285217391.30435
Zimbabwe,ZWE,1990,8783816700
Afghanistan,AFG,2000,NA
Albania,ALB,2000,3480355258.04122
Algeria,DZA,2000,54790392746.1939
American Samoa,ASM,2000,NA
Andorra,AND,2000,1429049198.45218
Angola,AGO,2000,9129594818.60749
Antigua and Barbuda,ATG,2000,826370370.37037
Argentina,ARG,2000,284203750000
Armenia,ARM,2000,1911563668.85006
Aruba,ABW,2000,1873184357.5419
Australia,AUS,2000,415851284305.721
Austria,AUT,2000,197289625479.906
Azerbaijan,AZE,2000,5272798390.70183
"Bahamas, The",BHS,2000,8076470000
Bahrain,BHR,2000,9062898936.17021
Bangladesh,BGD,2000,53369787318.6245
Barbados,BRB,2000,3059500000
Belarus,BLR,2000,12736856827.9847
Belgium,BEL,2000,236792460312.471
Belize,BLZ,2000,1116000000
Benin,BEN,2000,3519991326.48464
Bermuda,BMU,2000,3480219000
Bhutan,BTN,2000,424464089.897641
Bolivia,BOL,2000,8397912525.26886
Bosnia and Herzegovina,BIH,2000,5567405605.27555
Botswana,BWA,2000,5788329609.15755
Brazil,BRA,2000,655448188237.371
British Virgin Islands,VGB,2000,NA
Brunei Darussalam,BRN,2000,6001153306.2645
Bulgaria,BGR,2000,13245834314.5104
Burkina Faso,BFA,2000,2968369991.46729
Burundi,BDI,2000,870486065.883137
Cabo Verde,CPV,2000,539227277.626411
Cambodia,KHM,2000,3654031716.26881
Cameroon,CMR,2000,10566578952.7857
Canada,CAN,2000,744773415931.587
Cayman Islands,CYM,2000,NA
Central African Republic,CAF,2000,916777282.651168
Chad,TCD,2000,1388506726.62093
Channel Islands,CHI,2000,6439403014.0037
Chile,CHL,2000,78249883995.6255
China,CHN,2000,1211346869605.24
Colombia,COL,2000,99886577330.7271
Comoros,COM,2000,351136568.441921
"Congo, Dem. Rep.",COD,2000,19088046305.7971
"Congo, Rep.",COG,2000,3227927697.43665
Costa Rica,CRI,2000,15013629658.6521
Cote d'Ivoire,CIV,2000,16577533355.4395
Croatia,HRV,2000,21807856145.1037
Cuba,CUB,2000,30565400000
Curacao,CUW,2000,NA
Cyprus,CYP,2000,9985844486.33365
Czechia,CZE,2000,61828166496.0941
Denmark,DNK,2000,164158739097.623
Djibouti,DJI,2000,551230861.856505
Dominica,DMA,2000,333470370.37037
Dominican Republic,DOM,2000,24305717541.6371
Ecuador,ECU,2000,18327764882.4412
"Egypt, Arab Rep.",EGY,2000,99838543960.0763
El Salvador,SLV,2000,11784927700
Equatorial Guinea,GNQ,2000,1045998496.43872
Eritrea,ERI,2000,706370815.584416
Estonia,EST,2000,5686579747.53524
Eswatini,SWZ,2000,1738100853.05052
Ethiopia,ETH,2000,8242392103.68061
Faroe Islands,FRO,2000,1067115339.41186
Fiji,FJI,2000,1678239218.26553
Finland,FIN,2000,126019543413.334
France,FRA,2000,1365639660792.16
French Polynesia,PYF,2000,3599846538.85626
Gabon,GAB,2000,5080483463.99928
"Gambia, The",GMB,2000,782915402.421095
Georgia,GEO,2000,3057475335.18846
Germany,DEU,2000,1947981991011.77
Ghana,GHA,2000,4983024408.14828
Gibraltar,GIB,2000,NA
Greece,GRC,2000,130457756628.436
Greenland,GRL,2000,1068030829.75591
Grenada,GRD,2000,520044370.37037
Guam,GUM,2000,NA
Guatemala,GTM,2000,19288827158.9035
Guinea,GIN,2000,2995361140.63217
Guinea-Bissau,GNB,2000,371095510.047761
Guyana,GUY,2000,712667896.727512
Haiti,HTI,2000,6813577558.17628
Honduras,HND,2000,7186650135.43927
"Hong Kong SAR, China",HKG,2000,171668164082.555
Hungary,HUN,2000,47218405892.4258
Iceland,ISL,2000,9025660361.75842
India,IND,2000,468394937262.37
Indonesia,IDN,2000,165021012077.81
"Iran, Islamic Rep.",IRN,2000,109591707802.216
Iraq,IRQ,2000,48364250943.9051
Ireland,IRL,2000,100207610429.909
Isle of Man,IMN,2000,1563667799.61578
Israel,ISR,2000,136035771711.672
Italy,ITA,2000,1146676894209.73
Jamaica,JAM,2000,9005064474.93003
Japan,JPN,2000,4968359075956.59
Jordan,JOR,2000,8460789844.8519
Kazakhstan,KAZ,2000,18291994909.0044
Kenya,KEN,2000,12705357103.0056
Kiribati,KIR,2000,67254174.3970315
"Korea, Dem. People's Rep.",PRK,2000,NA
"Korea, Rep.",KOR,2000,576178114168.494
Kosovo,XKX,2000,NA
Kuwait,KWT,2000,37712842242.5033
Kyrgyz Republic,KGZ,2000,1369688498.06778
Lao PDR,LAO,2000,1731198022.45494
Latvia,LVA,2000,7958852838.93395
Lebanon,LBN,2000,17260364842.4544
Lesotho,LSO,2000,887295267.875155
Liberia,LBR,2000,874000000
Libya,LBY,2000,38270206950.41
Liechtenstein,LIE,2000,2483953102.79488
Lithuania,LTU,2000,11524776866.6379
Luxembourg,LUX,2000,21230182989.3036
"Macao SAR, China",MAC,2000,6774193548.3871
Madagascar,MDG,2000,4629247090.97816
Malawi,MWI,2000,1743506531.32652
Malaysia,MYS,2000,93789736842.1053
Maldives,MDV,2000,624337145.284622
Mali,MLI,2000,2961484953.73364
Malta,MLT,2000,4323339212.2281
Marshall Islands,MHL,2000,115347500
Mauritania,MRT,2000,1779523344.34106
Mauritius,MUS,2000,4663313620.01707
Mexico,MEX,2000,707906744574.644
"Micronesia, Fed. Sts.",FSM,2000,233271800
Moldova,MDA,2000,1288429391.79951
Monaco,MCO,2000,2647885848.5351
Mongolia,MNG,2000,1136896123.61298
Montenegro,MNE,2000,984297589.359934
Morocco,MAR,2000,38857251336.3448
Mozambique,MOZ,2000,5656473652.41147
Myanmar,MMR,2000,6849321645.95623
Namibia,NAM,2000,3922247989.85562
Nauru,NRU,2000,NA
Nepal,NPL,2000,5494252207.90502
Netherlands,NLD,2000,417479337444.707
New Caledonia,NCL,2000,3420033046.95784
New Zealand,NZL,2000,52623281956.7031
Nicaragua,NIC,2000,5107329007.0922
Niger,NER,2000,2241753120.21267
Nigeria,NGA,2000,69448756932.5833
North Macedonia,MKD,2000,3772857145.0248
Northern Mariana Islands,MNP,2000,NA
Norway,NOR,2000,171247131268.604
Oman,OMN,2000,19507452535.7607
Pakistan,PAK,2000,82017743416.2841
Palau,PLW,2000,146297500
Panama,PAN,2000,12304115000
Papua New Guinea,PNG,2000,3521339699.07407
Paraguay,PRY,2000,8855705139.55857
Peru,PER,2000,51744749133.213
Philippines,PHL,2000,83669693589.1547
Poland,POL,2000,172219461126.067
Portugal,PRT,2000,118605192877.388
Puerto Rico,PRI,2000,61701800000
Qatar,QAT,2000,17759890109.8901
Romania,ROU,2000,37253259016.9976
Russian Federation,RUS,2000,259710142196.943
Rwanda,RWA,2000,2067579822.43604
Samoa,WSM,2000,258856139.798489
San Marino,SMR,2000,1005159388.24397
Sao Tome and Principe,STP,2000,NA
Saudi Arabia,SAU,2000,189514926213.333
Senegal,SEN,2000,6013184809.23898
Serbia,SRB,2000,6875845986.52121
Seychelles,SYC,2000,614879764.780006
Sierra Leone,SLE,2000,635874002.198748
Singapore,SGP,2000,96074477958.2367
Sint Maarten (Dutch part),SXM,2000,NA
Slovak Republic,SVK,2000,29242558796.5507
Slovenia,SVN,2000,20289627636.6767
Solomon Islands,SLB,2000,419845231.77897
Somalia,SOM,2000,NA
South Africa,ZAF,2000,151753369491.916
South Sudan,SSD,2000,NA
Spain,ESP,2000,598363313494.903
Sri Lanka,LKA,2000,16330814179.9766
St. Kitts and Nevis,KNA,2000,421695769.843918
St. Lucia,LCA,2000,932592592.592592
St. Martin (French part),MAF,2000,NA
St. Vincent and the Grenadines,VCT,2000,427946037.037037
Sudan,SDN,2000,12257418326.0734
Suriname,SUR,2000,947671969.69697
Sweden,SWE,2000,262835454366.855
Switzerland,CHE,2000,279216033870.204
Syrian Arab Republic,SYR,2000,80590022271.7149
Tajikistan,TJK,2000,860521119.298753
Tanzania,TZA,2000,13375976353.6994
Thailand,THA,2000,126392233706.79
Timor-Leste,TLS,2000,367087900
Togo,TGO,2000,1491891107.95711
Tonga,TON,2000,204849612.592276
Trinidad and Tobago,TTO,2000,8154338232.95978
Tunisia,TUN,2000,21473261837.0176
Turkiye,TUR,2000,274302959053.103
Turkmenistan,TKM,2000,2904662604.82053
Turks and Caicos Islands,TCA,2000,NA
Tuvalu,TUV,2000,15074211.5027829
Uganda,UGA,2000,6193246837.09687
Ukraine,UKR,2000,32375280320.5765
United Arab Emirates,ARE,2000,104337372362.151
United Kingdom,GBR,2000,1666126494174.61
United States,USA,2000,10250947997000
Uruguay,URY,2000,22823255801.8447
Uzbekistan,UZB,2000,13760513969.314
Vanuatu,VUT,2000,272014693.050806
"Venezuela, RB",VEN,2000,117140723529.412
Vietnam,VNM,2000,31172518403.3162
Virgin Islands (U.S.),VIR,2000,NA
West Bank and Gaza,PSE,2000,4313600000
"Yemen, Rep.",YEM,2000,9652436179.64605
Zambia,ZMB,2000,3600683039.73254
Zimbabwe,ZWE,2000,6689957600
Afghanistan,AFG,2012,20203572959.5023
Albania,ALB,2012,12319830437.3467
Algeria,DZA,2012,209058991952.125
American Samoa,ASM,2012,640000000
Andorra,AND,2012,3188808942.56713
Angola,AGO,2012,124998210652.243
Antigua and Barbuda,ATG,2012,1199948148.14815
Argentina,ARG,2012,545982375701.128
Armenia,ARM,2012,10619320048.5857
Aruba,ABW,2012,2615083798.88268
Australia,AUS,2012,1546892142709.84
Austria,AUT,2012,409401816050.531
Azerbaijan,AZE,2012,69683935845.2139
"Bahamas, The",BHS,2012,10720500000
Bahrain,BHR,2012,30749308510.6383
Bangladesh,BGD,2012,133355749482.478
Barbados,BRB,2012,4610096000
Belarus,BLR,2012,65685102554.8759
Belgium,BEL,2012,496152879924.727
Belize,BLZ,2012,1903000000
Benin,BEN,2012,11141358105.9853
Bermuda,BMU,2012,6378188000
Bhutan,BTN,2012,1781281281.57912
Bolivia,BOL,2012,27084497481.9103
Bosnia and Herzegovina,BIH,2012,17226849165.6813
Botswana,BWA,2012,13907510005.8897
Brazil,BRA,2012,2465188674415.03
British Virgin Islands,VGB,2012,NA
Brunei Darussalam,BRN,2012,19047940300.8963
Bulgaria,BGR,2012,54300857424.4415
Burkina Faso,BFA,2012,12561016091.4673
Burundi,BDI,2012,2333341374.89657
Cabo Verde,CPV,2012,1741809808.96442
Cambodia,KHM,2012,14054443213.4639
Cameroon,CMR,2012,30155064574.0734
Canada,CAN,2012,1828366481521.6
Cayman Islands,CYM,2012,4291159006.36025
Central African Republic,CAF,2012,2510126699.05356
Chad,TCD,2012,12367363677.6199
Channel Islands,CHI,2012,NA
Chile,CHL,2012,267175872540.066
China,CHN,2012,8532229986993.65
Colombia,COL,2012,370921317942.564
Comoros,COM,2012,1015843368.79008
"Congo, Dem. Rep.",COD,2012,29306235826.3885
"Congo, Rep.",COG,2012,17692912613.1633
Costa Rica,CRI,2012,47231651862.8399
Cote d'Ivoire,CIV,2012,36302305578.2487
Croatia,HRV,2012,57369359295.2829
Cuba,CUB,2012,73141000000
Curacao,CUW,2012,3024525139.6648
Cyprus,CYP,2012,25048659899.7816
Czechia,CZE,2012,208857719320.649
Denmark,DNK,2012,327148943812.137
Djibouti,DJI,2012,1353632941.5207
Dominica,DMA,2012,485996296.296296
Dominican Republic,DOM,2012,60681537195.7996
Ecuador,ECU,2012,87924544000
"Egypt, Arab Rep.",EGY,2012,279116666666.667
El Salvador,SLV,2012,21386150000
Equatorial Guinea,GNQ,2012,22388345810.2466
Eritrea,ERI,2012,NA
Estonia,EST,2012,23019150071.1867
Eswatini,SWZ,2012,4886533032.88672
Ethiopia,ETH,2012,43310721414.0829
Faroe Islands,FRO,2012,2427190332.32628
Fiji,FJI,2012,3972012570.53467
Finland,FIN,2012,258290060227.734
France,FRA,2012,2683671716967.19
French Polynesia,PYF,2012,5692858773.21803
Gabon,GAB,2012,17170465294.0332
"Gambia, The",GMB,2012,1415006238.09509
Georgia,GEO,2012,16488403076.3641
Germany,DEU,2012,3527143188785.16
Ghana,GHA,2012,41270954737.2459
Gibraltar,GIB,2012,NA
Greece,GRC,2012,242029307133.408
Greenland,GRL,2012,2609667673.71601
Grenada,GRD,2012,799882259.259259
Guam,GUM,2012,5265000000
Guatemala,GTM,2012,49593961141.7484
Guinea,GIN,2012,7638045254.42864
Guinea-Bissau,GNB,2012,989271229.637162
Guyana,GUY,2012,4063089191.87525
Haiti,HTI,2012,13708926466.2732
Honduras,HND,2012,18528601901.324
"Hong Kong SAR, China",HKG,2012,262629441493.476
Hungary,HUN,2012,128814279315.132
Iceland,ISL,2012,14751508133.5443
India,IND,2012,1827637859506.25
Indonesia,IDN,2012,917869910105.749
"Iran, Islamic Rep.",IRN,2012,644035510447.901
Iraq,IRQ,2012,218002481737.691
Ireland,IRL,2012,225628699652.993
Isle of Man,IMN,2012,6690725118.48341
Israel,ISR,2012,262282344091.849
Italy,ITA,2012,2086957656821.6
Jamaica,JAM,2012,14807086889.2099
Japan,JPN,2012,6272362996105.03
Jordan,JOR,2012,31634561670.4356
Kazakhstan,KAZ,2012,207998568865.789
Kenya,KEN,2012,56396706005.9435
Kiribati,KIR,2012,189630151.170015
"Korea, Dem. People's Rep.",PRK,2012,NA
"Korea, Rep.",KOR,2012,1278427634342.59
Kosovo,XKX,2012,6163785172.81254
Kuwait,KWT,2012,174070382279.385
Kyrgyz Republic,KGZ,2012,6605139933.41063
Lao PDR,LAO,2012,10192848926.2582
Latvia,LVA,2012,28169902669.3784
Lebanon,LBN,2012,44016799515.8209
Lesotho,LSO,2012,2477702252.80078
Liberia,LBR,2012,2791614000
Libya,LBY,2012,92538004279.9398
Liechtenstein,LIE,2012,5456009384.66461
Lithuania,LTU,2012,42927454291.478
Luxembourg,LUX,2012,59776383527.3602
"Macao SAR, China",MAC,2012,43189526777.5567
Madagascar,MDG,2012,11578974887.9562
Malawi,MWI,2012,6028487928.83351
Malaysia,MYS,2012,314443149443.149
Maldives,MDV,2012,2886170571.69634
Mali,MLI,2012,12442036265.1484
Malta,MLT,2012,9462289605.55056
Marshall Islands,MHL,2012,179855800
Mauritania,MRT,2012,6728208836.22143
Mauritius,MUS,2012,11668685524.1265
Mexico,MEX,2012,1201089987015.45
"Micronesia, Fed. Sts.",FSM,2012,327248700
Moldova,MDA,2012,8709138764.75916
Monaco,MCO,2012,5743029680.07195
Mongolia,MNG,2012,12292770631.1967
Montenegro,MNE,2012,4087725812.66864
Morocco,MAR,2012,98266306615.3632
Mozambique,MOZ,2012,16350804543.0515
Myanmar,MMR,2012,58318677644.9492
Namibia,NAM,2012,13042007432.4489
Nauru,NRU,2012,96927201.4848422
Nepal,NPL,2012,21703106501.9674
Netherlands,NLD,2012,838923319919.531
New Caledonia,NCL,2012,9659153061.35633
New Zealand,NZL,2012,176206659722.524
Nicaragua,NIC,2012,10532006608.1447
Niger,NER,2012,9426913349.22319
Nigeria,NGA,2012,463971000388.612
North Macedonia,MKD,2012,9745251126.0109
Northern Mariana Islands,MNP,2012,746000000
Norway,NOR,2012,509506317146.541
Oman,OMN,2012,87408842652.7958
Pakistan,PAK,2012,224383620829.57
Palau,PLW,2012,212397800
Panama,PAN,2012,40429700000
Papua New Guinea,PNG,2012,21295659243.6168
Paraguay,PRY,2012,33271921136.315
Peru,PER,2012,192648999090.082
Philippines,PHL,2012,261920509950.555
Poland,POL,2012,495236910793.797
Portugal,PRT,2012,216224240577.957
Puerto Rico,PRI,2012,101564800000
Qatar,QAT,2012,186833502362.637
Romania,ROU,2012,179132893143.417
Russian Federation,RUS,2012,2208295773643.15
Rwanda,RWA,2012,7650671476.94976
Samoa,WSM,2012,773157453.281182
San Marino,SMR,2012,1604779647.95066
Sao Tome and Principe,STP,2012,250680845.747837
Saudi Arabia,SAU,2012,735974843348.664
Senegal,SEN,2012,17660871725.9977
Serbia,SRB,2012,43309252921.0567
Seychelles,SYC,2012,1059498883.53765
Sierra Leone,SLE,2012,3801862611.36414
Singapore,SGP,2012,295087220933.024
Sint Maarten (Dutch part),SXM,2012,985865921.787709
Slovak Republic,SVK,2012,94623731085.6106
Slovenia,SVN,2012,46577793184.0031
Solomon Islands,SLB,2012,1185215901.67501
Somalia,SOM,2012,NA
South Africa,ZAF,2012,434400545085.811
South Sudan,SSD,2012,11931472169.4915
Spain,ESP,2012,1324750738725
Sri Lanka,LKA,2012,70447191495.6812
St. Kitts and Nevis,KNA,2012,826231629.62963
St. Lucia,LCA,2012,1605146777.77778
St. Martin (French part),MAF,2012,NA
St. Vincent and the Grenadines,VCT,2012,730032592.592593
Sudan,SDN,2012,63195499524.2094
Suriname,SUR,2012,4980000000
Sweden,SWE,2012,552483727282.802
Switzerland,CHE,2012,686420221557.99
Syrian Arab Republic,SYR,2012,43190317724.7088
Tajikistan,TJK,2012,7633049792.09321
Tanzania,TZA,2012,39650522645.9811
Thailand,THA,2012,397558222957.17
Timor-Leste,TLS,2012,1160389550.88373
Togo,TGO,2012,3873308389.30006
Tonga,TON,2012,470714083.426751
Trinidad and Tobago,TTO,2012,27121712423.4327
Tunisia,TUN,2012,47311159485.2423
Turkiye,TUR,2012,880556375779.51
Turkmenistan,TKM,2012,35164210526.3158
Turks and Caicos Islands,TCA,2012,727161000
Tuvalu,TUV,2012,39345620.2112239
Uganda,UGA,2012,27305915761.2918
Ukraine,UKR,2012,182592416468.527
United Arab Emirates,ARE,2012,384610125384.033
United Kingdom,GBR,2012,2706340967030.68
United States,USA,2012,16253972230000
Uruguay,URY,2012,51264390116.4909
Uzbekistan,UZB,2012,67517349212.0609
Vanuatu,VUT,2012,747839697.746593
"Venezuela, RB",VEN,2012,381286237847.667
Vietnam,VNM,2012,195590647205.685
Virgin Islands (U.S.),VIR,2012,4089000000
West Bank and Gaza,PSE,2012,12208400000
"Yemen, Rep.",YEM,2012,35401323349.8817
Zambia,ZMB,2012,25503060420.026
Zimbabwe,ZWE,2012,17114849880
Afghanistan,AFG,2013,20564485419.1684
Albania,ALB,2013,12776220507.0162
Algeria,DZA,2013,209755003250.664
American Samoa,ASM,2013,638000000
Andorra,AND,2013,3193704343.20627
Angola,AGO,2013,133401582620.494
Antigua and Barbuda,ATG,2013,1181448148.14815
Argentina,ARG,2013,552025140252.246
Armenia,ARM,2013,11121465767.4067
Aruba,ABW,2013,2727932960.89385
Australia,AUS,2013,1576380424746.08
Austria,AUT,2013,430190979705.962
Azerbaijan,AZE,2013,74164435946.4627
"Bahamas, The",BHS,2013,10562800000
Bahrain,BHR,2013,32539468085.1064
Bangladesh,BGD,2013,149990451022.29
Barbados,BRB,2013,4677248300
Belarus,BLR,2013,75527984234.2342
Belgium,BEL,2013,521791015247.06
Belize,BLZ,2013,2029500000
Benin,BEN,2013,12517845127.6775
Bermuda,BMU,2013,6465756000
Bhutan,BTN,2013,1756215665.09323
Bolivia,BOL,2013,30659338885.6729
Bosnia and Herzegovina,BIH,2013,18178503835.4491
Botswana,BWA,2013,14271752527.1166
Brazil,BRA,2013,2472806919901.67
British Virgin Islands,VGB,2013,NA
Brunei Darussalam,BRN,2013,18093829923.2737
Bulgaria,BGR,2013,55810138436.4821
Burkina Faso,BFA,2013,13444301139.1384
Burundi,BDI,2013,2451606684.31708
Cabo Verde,CPV,2013,1850470042.43281
Cambodia,KHM,2013,15227991395.2201
Cameroon,CMR,2013,33728622819.0912
Canada,CAN,2013,1846597421834.98
Cayman Islands,CYM,2013,4405954638.18553
Central African Republic,CAF,2013,1691544192.38242
Chad,TCD,2013,12953535495.8781
Channel Islands,CHI,2013,NA
Chile,CHL,2013,277239461340.404
China,CHN,2013,9570406235659.64
Colombia,COL,2013,382116120909.218
Comoros,COM,2013,1116224161.07781
"Congo, Dem. Rep.",COD,2013,32679745297.6453
"Congo, Rep.",COG,2013,17958721571.7526
Costa Rica,CRI,2013,50949672205.9168
Cote d'Ivoire,CIV,2013,42760237561.4396
Croatia,HRV,2013,59032066091.7147
Cuba,CUB,2013,77148000000
Curacao,CUW,2013,3039944134.07821
Cyprus,CYP,2013,23961144906.3621
Czechia,CZE,2013,211685616592.931
Denmark,DNK,2013,343584391647.927
Djibouti,DJI,2013,2042817162.85639
Dominica,DMA,2013,498296296.296296
Dominican Republic,DOM,2013,62682163837.347
Ecuador,ECU,2013,95129659000
"Egypt, Arab Rep.",EGY,2013,288434108527.132
El Salvador,SLV,2013,21990960000
Equatorial Guinea,GNQ,2013,21948835350.3425
Eritrea,ERI,2013,NA
Estonia,EST,2013,25115753366.1114
Eswatini,SWZ,2013,4597532029.70451
Ethiopia,ETH,2013,47648211133.2183
Faroe Islands,FRO,2013,2690116268.71784
Fiji,FJI,2013,4189915666.57616
Finland,FIN,2013,271362405890.589
France,FRA,2013,2811876903329.03
French Polynesia,PYF,2013,6031828532.37945
Gabon,GAB,2013,17595745653.3676
"Gambia, The",GMB,2013,1375608956.10386
Georgia,GEO,2013,17189551520.9811
Germany,DEU,2013,3733804649549.03
Ghana,GHA,2013,62823043706.4702
Gibraltar,GIB,2013,NA
Greece,GRC,2013,238907690051.13
Greenland,GRL,2013,2684952726.88425
Grenada,GRD,2013,842620111.111111
Guam,GUM,2013,5399000000
Guatemala,GTM,2013,52996540703.5943
Guinea,GIN,2013,8376613843.27265
Guinea-Bissau,GNB,2013,1046087417.96916
Guyana,GUY,2013,4167800259.20888
Haiti,HTI,2013,14902474090.615
Honduras,HND,2013,18499710127.8385
"Hong Kong SAR, China",HKG,2013,275696879834.966
Hungary,HUN,2013,135684315697.713
Iceland,ISL,2013,16125060515.3117
India,IND,2013,1856722121394.42
Indonesia,IDN,2013,912524136718.018
"Iran, Islamic Rep.",IRN,2013,492775565649.562
Iraq,IRQ,2013,234637675128.645
Ireland,IRL,2013,238340859896.937
Isle of Man,IMN,2013,7000748788.49461
Israel,ISR,2013,297732778479.129
Italy,ITA,2013,2141924094298.56
Jamaica,JAM,2013,14264202737.3082
Japan,JPN,2013,5212328181166.18
Jordan,JOR,2013,34454440180.6582
Kazakhstan,KAZ,2013,236634552078.102
Kenya,KEN,2013,61671425370.0235
Kiribati,KIR,2013,184550782.004248
"Korea, Dem. People's Rep.",PRK,2013,NA
"Korea, Rep.",KOR,2013,1370795199976.18
Kosovo,XKX,2013,6735731172.79851
Kuwait,KWT,2013,174161142454.161
Kyrgyz Republic,KGZ,2013,7335027591.91628
Lao PDR,LAO,2013,11983252611.2727
Latvia,LVA,2013,30204783461.8488
Lebanon,LBN,2013,46880103080.6634
Lesotho,LSO,2013,2367113170.00373
Liberia,LBR,2013,3177198100
Libya,LBY,2013,75350633010.9303
Liechtenstein,LIE,2013,6391735893.83968
Lithuania,LTU,2013,46523420074.4372
Luxembourg,LUX,2013,65203276466.9763
"Macao SAR, China",MAC,2013,51536304807.6803
Madagascar,MDG,2013,12423555269.3893
Malawi,MWI,2013,5518880768.57955
Malaysia,MYS,2013,323277158906.979
Maldives,MDV,2013,3295011381.75405
Mali,MLI,2013,13242691429.5942
Malta,MLT,2013,10551600478.1511
Marshall Islands,MHL,2013,185468000
Mauritania,MRT,2013,7223063169.72749
Mauritius,MUS,2013,12292957324.4217
Mexico,MEX,2013,1274443084716.57
"Micronesia, Fed. Sts.",FSM,2013,317214400
Moldova,MDA,2013,9496717702.44839
Monaco,MCO,2013,6555983530.34932
Mongolia,MNG,2013,12582122604.1921
Montenegro,MNE,2013,4466039314.65002
Morocco,MAR,2013,106825649872.108
Mozambique,MOZ,2013,16974320551.0213
Myanmar,MMR,2013,60572257122.2962
Namibia,NAM,2013,12043276401.4161
Nauru,NRU,2013,98491843.6441982
Nepal,NPL,2013,22162208956.1412
Netherlands,NLD,2013,877172824534.512
New Caledonia,NCL,2013,10151385305.7645
New Zealand,NZL,2013,190906575136.003
Nicaragua,NIC,2013,10982979274.1922
Niger,NER,2013,10224897934.722
Nigeria,NGA,2013,520117163617.721
North Macedonia,MKD,2013,10817712138.9451
Northern Mariana Islands,MNP,2013,772000000
Norway,NOR,2013,522761531914.894
Oman,OMN,2013,89936020806.2419
Pakistan,PAK,2013,231218567178.979
Palau,PLW,2013,221117200
Panama,PAN,2013,45599900000
Papua New Guinea,PNG,2013,21261432791.2675
Paraguay,PRY,2013,38501122141.4241
Peru,PER,2013,201175469114.327
Philippines,PHL,2013,283902728260.716
Poland,POL,2013,515764728216.161
Portugal,PRT,2013,226433858005.714
Puerto Rico,PRI,2013,102450000000
Qatar,QAT,2013,198727642967.033
Romania,ROU,2013,189790228071.757
Russian Federation,RUS,2013,2292473246621.08
Rwanda,RWA,2013,7815975293.67372
Samoa,WSM,2013,797728653.33275
San Marino,SMR,2013,1678841811.66158
Sao Tome and Principe,STP,2013,300554483.611626
Saudi Arabia,SAU,2013,746647127407.619
Senegal,SEN,2013,18918668644.1941
Serbia,SRB,2013,48394239474.6762
Seychelles,SYC,2013,1328091522.02218
Sierra Leone,SLE,2013,4920343194.99339
Singapore,SGP,2013,307576360584.992
Sint Maarten (Dutch part),SXM,2013,1022905027.93296
Slovak Republic,SVK,2013,98935222174.8603
Slovenia,SVN,2013,48415657264.8758
Solomon Islands,SLB,2013,1285917749.68845
Somalia,SOM,2013,4577000000
South Africa,ZAF,2013,400886013595.573
South Sudan,SSD,2013,18426469016.9492
Spain,ESP,2013,1355579535912.55
Sri Lanka,LKA,2013,77000596661.4756
St. Kitts and Nevis,KNA,2013,875376407.407407
St. Lucia,LCA,2013,1664816740.74074
St. Martin (French part),MAF,2013,NA
St. Vincent and the Grenadines,VCT,2013,764781259.259259
Sudan,SDN,2013,66026600235.4524
Suriname,SUR,2013,5145757575.75758
Sweden,SWE,2013,586841821796.891
Switzerland,CHE,2013,706234937370.968
Syrian Arab Republic,SYR,2013,21361254647.9904
Tajikistan,TJK,2013,8448469837.53831
Tanzania,TZA,2013,45680532613.7591
Thailand,THA,2013,420333203150.426
Timor-Leste,TLS,2013,1395519568.13766
Togo,TGO,2013,4321655656.33177
Tonga,TON,2013,450643615.180528
Trinidad and Tobago,TTO,2013,28557451143.4319
Tunisia,TUN,2013,48684187850.0646
Turkiye,TUR,2013,957783020853.031
Turkmenistan,TKM,2013,39197543859.6491
Turks and Caicos Islands,TCA,2013,754238000
Tuvalu,TUV,2013,38617493.7246573
Uganda,UGA,2013,28915786996.5518
Ukraine,UKR,2013,190498811460.028
United Arab Emirates,ARE,2013,400218529747.597
United Kingdom,GBR,2013,2786315215249.95
United States,USA,2013,16843190993000
Uruguay,URY,2013,57531233350.9101
Uzbekistan,UZB,2013,73180036692.3255
Vanuatu,VUT,2013,758304466.245339
"Venezuela, RB",VEN,2013,371005379786.566
Vietnam,VNM,2013,213708830436.648
Virgin Islands (U.S.),VIR,2013,3738000000
West Bank and Gaza,PSE,2013,13515500000
"Yemen, Rep.",YEM,2013,40415233436.1767
Zambia,ZMB,2013,28037239462.7142
Zimbabwe,ZWE,2013,19091019990
Afghanistan,AFG,2014,20550582746.8448
Albania,ALB,2014,13228147516.1168
Algeria,DZA,2014,213810024944.464
American Samoa,ASM,2014,643000000
Andorra,AND,2014,3271808157.30038
Angola,AGO,2014,137244439121.374
Antigua and Barbuda,ATG,2014,1249733333.33333
Argentina,ARG,2014,526319673731.638
Armenia,ARM,2014,11609512939.7542
Aruba,ABW,2014,2791061452.51397
Australia,AUS,2014,1467545212521.8
Austria,AUT,2014,442584815286.034
Azerbaijan,AZE,2014,75244294275.1498
"Bahamas, The",BHS,2014,11176100000
Bahrain,BHR,2014,33387712765.9574
Bangladesh,BGD,2014,172885454931.453
Barbados,BRB,2014,4696344350
Belarus,BLR,2014,78813839984.3506
Belgium,BEL,2014,535390200131.018
Belize,BLZ,2014,2138000000
Benin,BEN,2014,13284527850.2632
Bermuda,BMU,2014,6413988000
Bhutan,BTN,2014,1907090813.45906
Bolivia,BOL,2014,32996188017.3661
Bosnia and Herzegovina,BIH,2014,18558343304.8433
Botswana,BWA,2014,15470059201.6577
Brazil,BRA,2014,2455993625159.37
British Virgin Islands,VGB,2014,NA
Brunei Darussalam,BRN,2014,17098342541.4365
Bulgaria,BGR,2014,57082011260.3446
Burkina Faso,BFA,2014,13943016923.9017
Burundi,BDI,2014,2705783272.07443
Cabo Verde,CPV,2014,1859898513.26858
Cambodia,KHM,2014,16702610842.4025
Cameroon,CMR,2014,36386546917.6861
Canada,CAN,2014,1805749878439.94
Cayman Islands,CYM,2014,4563017880.71523
Central African Republic,CAF,2014,1894813504.52945
Chad,TCD,2014,13940768065.6063
Channel Islands,CHI,2014,NA
Chile,CHL,2014,259405202008.001
China,CHN,2014,10475682920594.5
Colombia,COL,2014,381112110485.385
Comoros,COM,2014,1149587651.69395
"Congo, Dem. Rep.",COD,2014,35909040265.9328
"Congo, Rep.",COG,2014,17912908765.9058
Costa Rica,CRI,2014,52016408950.8936
Cote d'Ivoire,CIV,2014,48843008580.3288
Croatia,HRV,2014,58423981441.1801
Cuba,CUB,2014,80656000000
Curacao,CUW,2014,3048435754.18994
Cyprus,CYP,2014,23226782250.5646
Czechia,CZE,2014,209358834156.329
Denmark,DNK,2014,352993631617.708
Djibouti,DJI,2014,2214679081.25658
Dominica,DMA,2014,520207407.407407
Dominican Republic,DOM,2014,67179914026.9623
Ecuador,ECU,2014,101726331000
"Egypt, Arab Rep.",EGY,2014,305595408895.265
El Salvador,SLV,2014,22593470000
Equatorial Guinea,GNQ,2014,21765454404.421
Eritrea,ERI,2014,NA
Estonia,EST,2014,26634083965.0987
Eswatini,SWZ,2014,4422968339.67584
Ethiopia,ETH,2014,55612228233.5179
Faroe Islands,FRO,2014,2913995545.65702
Fiji,FJI,2014,4857220601.80003
Finland,FIN,2014,274862826772.156
France,FRA,2014,2855964488590.19
French Polynesia,PYF,2014,6151998957.96572
Gabon,GAB,2014,18203968001.8908
"Gambia, The",GMB,2014,1229460601.92174
Georgia,GEO,2014,17627003454.7205
Germany,DEU,2014,3889093051023.52
Ghana,GHA,2014,54782847752.5375
Gibraltar,GIB,2014,NA
Greece,GRC,2014,235458133124.608
Greenland,GRL,2014,2842048997.77283
Grenada,GRD,2014,911500000
Guam,GUM,2014,5610000000
Guatemala,GTM,2014,57852399963.7878
Guinea,GIN,2014,8778473614.54728
Guinea-Bissau,GNB,2014,1054915645.19654
Guyana,GUY,2014,4127659492.02031
Haiti,HTI,2014,15139264670.4225
Honduras,HND,2014,19756494434.7031
"Hong Kong SAR, China",HKG,2014,291459356985.337
Hungary,HUN,2014,141033843265.669
Iceland,ISL,2014,17867662177.8911
India,IND,2014,2039127446299.3
Indonesia,IDN,2014,890814755233.225
"Iran, Islamic Rep.",IRN,2014,460382791826.34
Iraq,IRQ,2014,228415656174.957
Ireland,IRL,2014,259170903647.536
Isle of Man,IMN,2014,7708834951.45631
Israel,ISR,2014,314330061977.263
Italy,ITA,2014,2162009615996.54
Jamaica,JAM,2014,13899228824.2161
Japan,JPN,2014,4896994405353.29
Jordan,JOR,2014,36847643587.2383
Kazakhstan,KAZ,2014,221415572819.5
Kenya,KEN,2014,68285768554.472
Kiribati,KIR,2014,177862267.892555
"Korea, Dem. People's Rep.",PRK,2014,NA
"Korea, Rep.",KOR,2014,1484318219633.63
Kosovo,XKX,2014,7074657898.23303
Kuwait,KWT,2014,162631412508.784
Kyrgyz Republic,KGZ,2014,7468096566.71158
Lao PDR,LAO,2014,13279248478.8161
Latvia,LVA,2014,31386896487.0407
Lebanon,LBN,2014,48095213746.4677
Lesotho,LSO,2014,2441053175.70743
Liberia,LBR,2014,3225652000
Libya,LBY,2014,57372445771.7699
Liechtenstein,LIE,2014,6657170923.37918
Lithuania,LTU,2014,48533659592.1728
Luxembourg,LUX,2014,68804811897.6445
"Macao SAR, China",MAC,2014,54903031137.7096
Madagascar,MDG,2014,12522957228.1764
Malawi,MWI,2014,6047813437.31804
Malaysia,MYS,2014,338061963396.376
Maldives,MDV,2014,3697351596.83753
Mali,MLI,2014,14364937996.8661
Malta,MLT,2014,11626278729.9057
Marshall Islands,MHL,2014,185172900
Mauritania,MRT,2014,6592537781.81518
Mauritius,MUS,2014,13074137210.3352
Mexico,MEX,2014,1315351183524.54
"Micronesia, Fed. Sts.",FSM,2014,319271200
Moldova,MDA,2014,9510198961.57287
Monaco,MCO,2014,7069616048.89066
Mongolia,MNG,2014,12226514722.0861
Montenegro,MNE,2014,4594024179.62003
Morocco,MAR,2014,119131365761.393
Mozambique,MOZ,2014,17716084107.5888
Myanmar,MMR,2014,63264892768.3726
Namibia,NAM,2014,12435416063.4689
Nauru,NRU,2014,104654365.188653
Nepal,NPL,2014,22731602969.9687
Netherlands,NLD,2014,892167986713.722
New Caledonia,NCL,2014,10635039738.6899
New Zealand,NZL,2014,201313497220.917
Nicaragua,NIC,2014,11880434070.7811
Niger,NER,2014,10862944203.5591
Nigeria,NGA,2014,574183825592.358
North Macedonia,MKD,2014,11362272837.8818
Northern Mariana Islands,MNP,2014,832000000
Norway,NOR,2014,498410050251.256
Oman,OMN,2014,92699089726.9181
Pakistan,PAK,2014,244360888750.807
Palau,PLW,2014,241669800
Panama,PAN,2014,49921400000
Papua New Guinea,PNG,2014,23210682538.3928
Paraguay,PRY,2014,40377929295.6419
Peru,PER,2014,200789362451.567
Philippines,PHL,2014,297483247101.038
Poland,POL,2014,539087652559.835
Portugal,PRT,2014,229901964221.884
Puerto Rico,PRI,2014,102445800000
Qatar,QAT,2014,206224598571.429
Romania,ROU,2014,199712289501.971
Russian Federation,RUS,2014,2059241965490.83
Rwanda,RWA,2014,8234762201.03869
Samoa,WSM,2014,796698269.18109
San Marino,SMR,2014,1673973694.69908
Sao Tome and Principe,STP,2014,346528329.183227
Saudi Arabia,SAU,2014,756350347320.381
Senegal,SEN,2014,19797254643.1212
Serbia,SRB,2014,47062206677.6539
Seychelles,SYC,2014,1387581391.70001
Sierra Leone,SLE,2014,5015157815.73406
Singapore,SGP,2014,314851156183.411
Sint Maarten (Dutch part),SXM,2014,1245251396.64804
Slovak Republic,SVK,2014,101437045019.901
Slovenia,SVN,2014,49997186439.0916
Solomon Islands,SLB,2014,1335579569.64462
Somalia,SOM,2014,5024999991.72061
South Africa,ZAF,2014,381198869776.106
South Sudan,SSD,2014,13962212847.4576
Spain,ESP,2014,1371820537888.62
Sri Lanka,LKA,2014,82528526229.5245
St. Kitts and Nevis,KNA,2014,953174074.074074
St. Lucia,LCA,2014,1749289302.71075
St. Martin (French part),MAF,2014,772950710.774545
St. Vincent and the Grenadines,VCT,2014,770901444.444444
Sudan,SDN,2014,76818327441.6497
Suriname,SUR,2014,5240606060.60606
Sweden,SWE,2014,581964017237.095
Switzerland,CHE,2014,726537808338
Syrian Arab Republic,SYR,2014,21502061462.2122
Tajikistan,TJK,2014,9112544556.05962
Tanzania,TZA,2014,49964825081.1078
Thailand,THA,2014,407339454060.678
Timor-Leste,TLS,2014,1447310448.58225
Togo,TGO,2014,4574986536.90791
Tonga,TON,2014,439878828.008608
Trinidad and Tobago,TTO,2014,29489012807.1382
Tunisia,TUN,2014,50271072627.6727
Turkiye,TUR,2014,938952628604.067
Turkmenistan,TKM,2014,43524210526.3158
Turks and Caicos Islands,TCA,2014,841070000
Tuvalu,TUV,2014,38759689.9224806
Uganda,UGA,2014,32612397758.4579
Ukraine,UKR,2014,133503411375.739
United Arab Emirates,ARE,2014,414105366758.911
United Kingdom,GBR,2014,3065223279583.79
United States,USA,2014,17550680174000
Uruguay,URY,2014,57236013086.1223
Uzbekistan,UZB,2014,80845384375.1236
Vanuatu,VUT,2014,772315721.265827
"Venezuela, RB",VEN,2014,482359318767.703
Vietnam,VNM,2014,233451484773.974
Virgin Islands (U.S.),VIR,2014,3565000000
West Bank and Gaza,PSE,2014,13989700000
"Yemen, Rep.",YEM,2014,43228585321.3272
Zambia,ZMB,2014,27141023558.0829
Zimbabwe,ZWE,2014,19495519630
Afghanistan,AFG,2015,19998156214.3988
Albania,ALB,2015,11386850129.8411
Algeria,DZA,2015,165979279263.174
American Samoa,ASM,2015,673000000
Andorra,AND,2015,2789870187.50693
Angola,AGO,2015,87219300384.5072
Antigua and Barbuda,ATG,2015,1336692592.59259
Argentina,ARG,2015,594749285413.212
Armenia,ARM,2015,10553337672.9872
Aruba,ABW,2015,2963128491.62011
Australia,AUS,2015,1350615691821.28
Austria,AUT,2015,381971148530.543
Azerbaijan,AZE,2015,53074370486.0433
"Bahamas, The",BHS,2015,11861900000
Bahrain,BHR,2015,31050638297.8723
Bangladesh,BGD,2015,195078678697.23
Barbados,BRB,2015,4724691200
Belarus,BLR,2015,56454734396.5842
Belgium,BEL,2015,462335574841.484
Belize,BLZ,2015,2210500000
Benin,BEN,2015,11388160997.1089
Bermuda,BMU,2015,6654541000
Bhutan,BTN,2015,2003598212.99135
Bolivia,BOL,2015,33000198248.3362
Bosnia and Herzegovina,BIH,2015,16211541593.4222
Botswana,BWA,2015,13530738157.7648
Brazil,BRA,2015,1802214373741.32
British Virgin Islands,VGB,2015,NA
Brunei Darussalam,BRN,2015,12930394937.8137
Bulgaria,BGR,2015,50781996712.7635
Burkina Faso,BFA,2015,11832159275.603
Burundi,BDI,2015,3104003611.42957
Cabo Verde,CPV,2015,1596800287.16405
Cambodia,KHM,2015,18049954289.4229
Cameroon,CMR,2015,32210232911.6626
Canada,CAN,2015,1556508816217.14
Cayman Islands,CYM,2015,4708336733.46934
Central African Republic,CAF,2015,1695825708.45604
Chad,TCD,2015,10950392219.9104
Channel Islands,CHI,2015,NA
Chile,CHL,2015,242496649874.236
China,CHN,2015,11061553079876.4
Colombia,COL,2015,293481753078.868
Comoros,COM,2015,966029542.038859
"Congo, Dem. Rep.",COD,2015,37917704900.0794
"Congo, Rep.",COG,2015,11890259136.1098
Costa Rica,CRI,2015,56441917652.9812
Cote d'Ivoire,CIV,2015,45814637971.4745
Croatia,HRV,2015,50242783066.1173
Cuba,CUB,2015,87133000000
Curacao,CUW,2015,3042737430.1676
Cyprus,CYP,2015,19909190058.804
Czechia,CZE,2015,188033050459.881
Denmark,DNK,2015,302673070846.857
Djibouti,DJI,2015,2424391785.43897
Dominica,DMA,2015,540737037.037037
Dominican Republic,DOM,2015,71164825256.6849
Ecuador,ECU,2015,99290381000
"Egypt, Arab Rep.",EGY,2015,329366576819.407
El Salvador,SLV,2015,23438240000
Equatorial Guinea,GNQ,2015,13185496836.4124
Eritrea,ERI,2015,NA
Estonia,EST,2015,22890762090.1508
Eswatini,SWZ,2015,4063245671.29285
Ethiopia,ETH,2015,64589334978.8013
Faroe Islands,FRO,2015,2573908649.0584
Fiji,FJI,2015,4682546881.15833
Finland,FIN,2015,234534382384.766
France,FRA,2015,2439188643162.5
French Polynesia,PYF,2015,5325848045.4324
Gabon,GAB,2015,14383107714.0388
"Gambia, The",GMB,2015,1378176868.31568
Georgia,GEO,2015,14953950557.4406
Germany,DEU,2015,3357585719351.56
Ghana,GHA,2015,49406568432.6711
Gibraltar,GIB,2015,NA
Greece,GRC,2015,195683527003.375
Greenland,GRL,2015,2499115623.00272
Grenada,GRD,2015,997007407.407407
Guam,GUM,2015,5799000000
Guatemala,GTM,2015,62186186575.7433
Guinea,GIN,2015,8794202443.67366
Guinea-Bissau,GNB,2015,1048229629.42039
Guyana,GUY,2015,4279840193.7046
Haiti,HTI,2015,14833154471.7456
Honduras,HND,2015,20979767785.2104
"Hong Kong SAR, China",HKG,2015,309383627028.561
Hungary,HUN,2015,125174166987.372
Iceland,ISL,2015,17517210519.0912
India,IND,2015,2103587813812.75
Indonesia,IDN,2015,860854235065.079
"Iran, Islamic Rep.",IRN,2015,408212918053.939
Iraq,IRQ,2015,166774109673.732
Ireland,IRL,2015,291775166506.891
Isle of Man,IMN,2015,7085288006.11154
Israel,ISR,2015,303414276832.04
Italy,ITA,2015,1836637711060.55
Jamaica,JAM,2015,14188935947.5694
Japan,JPN,2015,4444930651964.18
Jordan,JOR,2015,38587017944.3352
Kazakhstan,KAZ,2015,184388432148.715
Kenya,KEN,2015,70120413328.7838
Kiribati,KIR,2015,170291037.487792
"Korea, Dem. People's Rep.",PRK,2015,NA
"Korea, Rep.",KOR,2015,1465773245547.15
Kosovo,XKX,2015,6295820481.52668
Kuwait,KWT,2015,114567298105.683
Kyrgyz Republic,KGZ,2015,6678178340.45121
Lao PDR,LAO,2015,14426381187.0894
Latvia,LVA,2015,27263090547.0617
Lebanon,LBN,2015,49929337837.0813
Lesotho,LSO,2015,2359759799.04224
Liberia,LBR,2015,3227075700
Libya,LBY,2015,48717854039.9653
Liechtenstein,LIE,2015,6268391521.19701
Lithuania,LTU,2015,41435533340.3883
Luxembourg,LUX,2015,60071584216.1375
"Macao SAR, China",MAC,2015,45047964934.2517
Madagascar,MDG,2015,11323020828.5758
Malawi,MWI,2015,6373212640.84604
Malaysia,MYS,2015,301354756113.174
Maldives,MDV,2015,4109424799.72407
Mali,MLI,2015,13104764333.9941
Malta,MLT,2015,11091423499.3898
Marshall Islands,MHL,2015,182997300
Mauritania,MRT,2015,6166857628.62212
Mauritius,MUS,2015,12007291045.6489
Mexico,MEX,2015,1171867608197.72
"Micronesia, Fed. Sts.",FSM,2015,316489900
Moldova,MDA,2015,7745241912.94722
Monaco,MCO,2015,6261622101.40908
Mongolia,MNG,2015,11619892396.0767
Montenegro,MNE,2015,4054712082.54743
Morocco,MAR,2015,110414366621.263
Mozambique,MOZ,2015,15950969018.9458
Myanmar,MMR,2015,63045305229.1046
Namibia,NAM,2015,11335179560.987
Nauru,NRU,2015,86529661.3694983
Nepal,NPL,2015,24360795410.6422
Netherlands,NLD,2015,765572770634.375
New Caledonia,NCL,2015,8738205836.7394
New Zealand,NZL,2015,178064471137.921
Nicaragua,NIC,2015,12756706583.3113
Niger,NER,2015,9683867893.68343
Nigeria,NGA,2015,493026782401.561
North Macedonia,MKD,2015,10064515432.0265
Northern Mariana Islands,MNP,2015,910000000
Norway,NOR,2015,385801550067.169
Oman,OMN,2015,78710793237.9714
Pakistan,PAK,2015,270556131701.171
Palau,PLW,2015,280457700
Panama,PAN,2015,54091800000
Papua New Guinea,PNG,2015,21723531173.2409
Paraguay,PRY,2015,36211447840.0971
Peru,PER,2015,189805300841.603
Philippines,PHL,2015,306446140628.709
Poland,POL,2015,477111287969.227
Portugal,PRT,2015,199394066525.44
Puerto Rico,PRI,2015,103375500000
Qatar,QAT,2015,161739955576.923
Romania,ROU,2015,177882417554.984
Russian Federation,RUS,2015,1363481063446.77
Rwanda,RWA,2015,8539424910.07969
Samoa,WSM,2015,824160018.151066
San Marino,SMR,2015,1419394771.21029
Sao Tome and Principe,STP,2015,316066072.343754
Saudi Arabia,SAU,2015,654269739552.019
Senegal,SEN,2015,17774766636.0459
Serbia,SRB,2015,39655958842.5478
Seychelles,SYC,2015,1416001321.92671
Sierra Leone,SLE,2015,4218723875.1379
Singapore,SGP,2015,308004146057.608
Sint Maarten (Dutch part),SXM,2015,1253072625.69832
Slovak Republic,SVK,2015,88900883130.8374
Slovenia,SVN,2015,43107506024.3254
Solomon Islands,SLB,2015,1307908069.79418
Somalia,SOM,2015,5335000000
South Africa,ZAF,2015,346709790458.563
South Sudan,SSD,2015,11997800760.2242
Spain,ESP,2015,1196156971279.69
Sri Lanka,LKA,2015,85140963536.633
St. Kitts and Nevis,KNA,2015,957040740.740741
St. Lucia,LCA,2015,1807227215.4535
St. Martin (French part),MAF,2015,NA
St. Vincent and the Grenadines,VCT,2015,786554592.592593
Sudan,SDN,2015,84985132167.2171
Suriname,SUR,2015,5126188134.7499
Sweden,SWE,2015,505103781349.757
Switzerland,CHE,2015,694118186379.628
Syrian Arab Republic,SYR,2015,16468399180.3822
Tajikistan,TJK,2015,8271454300.59548
Tanzania,TZA,2015,47378603783.6471
Thailand,THA,2015,401296437424.995
Timor-Leste,TLS,2015,1594447630.7963
Togo,TGO,2015,4180866177.03946
Tonga,TON,2015,437006227.162781
Trinidad and Tobago,TTO,2015,26851970253.811
Tunisia,TUN,2015,45780077487.7651
Turkiye,TUR,2015,864316670330.882
Turkmenistan,TKM,2015,35799714285.7143
Turks and Caicos Islands,TCA,2015,942070000
Tuvalu,TUV,2015,36811659.5297123
Uganda,UGA,2015,32387183844.6699
Ukraine,UKR,2015,91030959454.6961
United Arab Emirates,ARE,2015,370275469560.166
United Kingdom,GBR,2015,2934857946213.47
United States,USA,2015,18206020741000
Uruguay,URY,2015,53274304222.136
Uzbekistan,UZB,2015,86196265191.6645
Vanuatu,VUT,2015,730870581.672312
"Venezuela, RB",VEN,2015,NA
Vietnam,VNM,2015,239258340825.533
Virgin Islands (U.S.),VIR,2015,3663000000
West Bank and Gaza,PSE,2015,13972400000
"Yemen, Rep.",YEM,2015,42444495590.1077
Zambia,ZMB,2015,21251216798.7762
Zimbabwe,ZWE,2015,19963120610
Afghanistan,AFG,2016,18019558181.9602
Albania,ALB,2016,11861199830.8396
Algeria,DZA,2016,160034163871.455
American Samoa,ASM,2016,671000000
Andorra,AND,2016,2896679211.86628
Angola,AGO,2016,49840491178.1518
Antigua and Barbuda,ATG,2016,1436585185.18519
Argentina,ARG,2016,557531376217.967
Armenia,ARM,2016,10546135160.031
Aruba,ABW,2016,2983798882.68156
Australia,AUS,2016,1206535157956.03
Austria,AUT,2016,395837353031.499
Azerbaijan,AZE,2016,37867518957.1975
"Bahamas, The",BHS,2016,11834600000
Bahrain,BHR,2016,32234973404.2553
Bangladesh,BGD,2016,265236247989.155
Barbados,BRB,2016,4832811750
Belarus,BLR,2016,47722657820.6675
Belgium,BEL,2016,476062757356.927
Belize,BLZ,2016,2258500000
Benin,BEN,2016,11821065852.1271
Bermuda,BMU,2016,6899911000
Bhutan,BTN,2016,2158972129.00307
Bolivia,BOL,2016,33941126200.0606
Bosnia and Herzegovina,BIH,2016,16913330976.7547
Botswana,BWA,2016,15082579073.8634
Brazil,BRA,2016,1795700168991.49
British Virgin Islands,VGB,2016,NA
Brunei Darussalam,BRN,2016,11400854267.7188
Bulgaria,BGR,2016,53953897624.4344
Burkina Faso,BFA,2016,12833363370.174
Burundi,BDI,2016,2639321161.41102
Cabo Verde,CPV,2016,1663008687.09505
Cambodia,KHM,2016,20016747754.0192
Cameroon,CMR,2016,33814337900.2831
Canada,CAN,2016,1527994741907.43
Cayman Islands,CYM,2016,4909498979.9592
Central African Republic,CAF,2016,1825018190.85071
Chad,TCD,2016,10097778353.7651
Channel Islands,CHI,2016,NA
Chile,CHL,2016,249298719723.108
China,CHN,2016,11233276536737.2
Colombia,COL,2016,282825012368.255
Comoros,COM,2016,1012835518.26037
"Congo, Dem. Rep.",COD,2016,37134799974.5225
"Congo, Rep.",COG,2016,10219341276.8965
Costa Rica,CRI,2016,58847016044.7363
Cote d'Ivoire,CIV,2016,47964234560.0514
Croatia,HRV,2016,52397494687.4863
Cuba,CUB,2016,91370000000
Curacao,CUW,2016,3014748603.35196
Cyprus,CYP,2016,21046951516.4932
Czechia,CZE,2016,196272068576.338
Denmark,DNK,2016,313115929314.339
Djibouti,DJI,2016,2604955228.70117
Dominica,DMA,2016,576229629.62963
Dominican Republic,DOM,2016,75704720189.5607
Ecuador,ECU,2016,99937696000
"Egypt, Arab Rep.",EGY,2016,332441717791.411
El Salvador,SLV,2016,24191430000
Equatorial Guinea,GNQ,2016,11240809132.4145
Eritrea,ERI,2016,NA
Estonia,EST,2016,24072829276.7744
Eswatini,SWZ,2016,3816022046.82656
Ethiopia,ETH,2016,74296618481.0882
Faroe Islands,FRO,2016,2813286391.25332
Fiji,FJI,2016,4930204219.71304
Finland,FIN,2016,240771351298.833
France,FRA,2016,2472964344587.17
French Polynesia,PYF,2016,5497037292.63831
Gabon,GAB,2016,14023890620.3384
"Gambia, The",GMB,2016,1484579844.37143
Georgia,GEO,2016,15141758566.7808
Germany,DEU,2016,3469853463945.53
Ghana,GHA,2016,56165172898.8695
Gibraltar,GIB,2016,NA
Greece,GRC,2016,193148146586.933
Greenland,GRL,2016,2707146783.13056
Grenada,GRD,2016,1061640740.74074
Guam,GUM,2016,5901000000
Guatemala,GTM,2016,66053725049.0138
Guinea,GIN,2016,8595955581.21787
Guinea-Bissau,GNB,2016,1179004941.22904
Guyana,GUY,2016,4482697336.56174
Haiti,HTI,2016,13987693738.923
Honduras,HND,2016,21717622071.3816
"Hong Kong SAR, China",HKG,2016,320858250776.188
Hungary,HUN,2016,128609822750.039
Iceland,ISL,2016,20793168030.9524
India,IND,2016,2294797980509.01
Indonesia,IDN,2016,931877364177.742
"Iran, Islamic Rep.",IRN,2016,457954614142.539
Iraq,IRQ,2016,166602488747.885
Ireland,IRL,2016,299091127524.505
Isle of Man,IMN,2016,6846691871.45558
Israel,ISR,2016,322102790386.835
Italy,ITA,2016,1877071687633.78
Jamaica,JAM,2016,14077109396.8584
Japan,JPN,2016,5003677627544.24
Jordan,JOR,2016,39892551148.8301
Kazakhstan,KAZ,2016,137278320084.171
Kenya,KEN,2016,74815121314.9381
Kiribati,KIR,2016,178509812.667261
"Korea, Dem. People's Rep.",PRK,2016,NA
"Korea, Rep.",KOR,2016,1500111596236.37
Kosovo,XKX,2016,6682832632.27806
Kuwait,KWT,2016,109419728566.7
Kyrgyz Republic,KGZ,2016,6813092065.83507
Lao PDR,LAO,2016,15912495368.8717
Latvia,LVA,2016,28083597512.4841
Lebanon,LBN,2016,51147308773.9304
Lesotho,LSO,2016,2114428033.39316
Liberia,LBR,2016,3398419600
Libya,LBY,2016,49910960874.5685
Liechtenstein,LIE,2016,6237264055.20601
Lithuania,LTU,2016,43047309305.7363
Luxembourg,LUX,2016,62216885435.9488
"Macao SAR, China",MAC,2016,45070605746.0194
Madagascar,MDG,2016,11848613735.1933
Malawi,MWI,2016,5433040159.88747
Malaysia,MYS,2016,301255454041.415
Maldives,MDV,2016,4379136461.83077
Mali,MLI,2016,14026048690.7312
Malta,MLT,2016,11668253265.4417
Marshall Islands,MHL,2016,200716000
Mauritania,MRT,2016,6398738829.24531
Mauritius,MUS,2016,12594149440.5195
Mexico,MEX,2016,1078490651625.31
"Micronesia, Fed. Sts.",FSM,2016,332265200
Moldova,MDA,2016,8071469355.2527
Monaco,MCO,2016,6472990923.1791
Mongolia,MNG,2016,11181350461.4723
Montenegro,MNE,2016,4377033429.26721
Morocco,MAR,2016,111572673973.999
Mozambique,MOZ,2016,11936999283.1791
Myanmar,MMR,2016,60291736893.9397
Namibia,NAM,2016,10721994676.2429
Nauru,NRU,2016,99723394.9628767
Nepal,NPL,2016,24524098184.648
Netherlands,NLD,2016,784060430240.08
New Caledonia,NCL,2016,8724570249.74306
New Zealand,NZL,2016,188838342527.975
Nicaragua,NIC,2016,13286083644.8761
Niger,NER,2016,10398862244.9737
Nigeria,NGA,2016,404649048648.026
North Macedonia,MKD,2016,10672471860.7184
Northern Mariana Islands,MNP,2016,1230000000
Norway,NOR,2016,368827142857.143
Oman,OMN,2016,75128738621.5865
Pakistan,PAK,2016,313629858859.587
Palau,PLW,2016,298300000
Panama,PAN,2016,57907700000
Papua New Guinea,PNG,2016,20759069103.0961
Paraguay,PRY,2016,36089700222.9461
Peru,PER,2016,191895943823.887
Philippines,PHL,2016,318626761492.867
Poland,POL,2016,470022572790.91
Portugal,PRT,2016,206426152308.931
Puerto Rico,PRI,2016,104336700000
Qatar,QAT,2016,151732181868.132
Romania,ROU,2016,185286854552.621
Russian Federation,RUS,2016,1276786979221.81
Rwanda,RWA,2016,8690878327.95492
Samoa,WSM,2016,843929639.973983
San Marino,SMR,2016,1468377272.13859
Sao Tome and Principe,STP,2016,345495614.979982
Saudi Arabia,SAU,2016,644935682011.475
Senegal,SEN,2016,19040312815.1337
Serbia,SRB,2016,40692643373.0327
Seychelles,SYC,2016,1490228318.73024
Sierra Leone,SLE,2016,3674794530.18956
Singapore,SGP,2016,318832428519.725
Sint Maarten (Dutch part),SXM,2016,1263687150.83799
Slovak Republic,SVK,2016,89952699524.894
Slovenia,SVN,2016,44766722790.5826
Solomon Islands,SLB,2016,1379482146.90119
Somalia,SOM,2016,5534000000
South Africa,ZAF,2016,323585509674.481
South Sudan,SSD,2016,NA
Spain,ESP,2016,1233554967011.68
Sri Lanka,LKA,2016,88012262256.8633
St. Kitts and Nevis,KNA,2016,1008100000
St. Lucia,LCA,2016,1865459670.06646
St. Martin (French part),MAF,2016,NA
St. Vincent and the Grenadines,VCT,2016,814302259.259259
Sudan,SDN,2016,102943741648.824
Suriname,SUR,2016,3317437626.43291
Sweden,SWE,2016,515654671469.547
Switzerland,CHE,2016,687895460902.713
Syrian Arab Republic,SYR,2016,12598742886.9368
Tajikistan,TJK,2016,6992393787.40891
Tanzania,TZA,2016,49774004999.2038
Thailand,THA,2016,413366150655.591
Timor-Leste,TLS,2016,1650619369.51891
Togo,TGO,2016,6031632168.17391
Tonga,TON,2016,420540178.571429
Trinidad and Tobago,TTO,2016,23496215885.0766
Tunisia,TUN,2016,44360754189.9441
Turkiye,TUR,2016,869692960365.551
Turkmenistan,TKM,2016,36169428571.4286
Turks and Caicos Islands,TCA,2016,1032452000
Tuvalu,TUV,2016,41629497.4724948
Uganda,UGA,2016,29203988814.8973
Ukraine,UKR,2016,93355993628.5042
United Arab Emirates,ARE,2016,369255326235.771
United Kingdom,GBR,2016,2699659680997.2
United States,USA,2016,18695110842000
Uruguay,URY,2016,57236652490.1699
Uzbekistan,UZB,2016,86138288615.1218
Vanuatu,VUT,2016,780889605.899977
"Venezuela, RB",VEN,2016,NA
Vietnam,VNM,2016,257096001564.769
Virgin Islands (U.S.),VIR,2016,3798000000
West Bank and Gaza,PSE,2016,15405400000
"Yemen, Rep.",YEM,2016,31317828583.5859
Zambia,ZMB,2016,20958412538.3093
Zimbabwe,ZWE,2016,20548678070
Afghanistan,AFG,2017,18896352021.94
Albania,ALB,2017,13019689336.6919
Algeria,DZA,2017,170097014589.134
American Samoa,ASM,2017,612000000
Andorra,AND,2017,3000180750.11297
Angola,AGO,2017,68972769395.6274
Antigua and Barbuda,ATG,2017,1467977777.77778
Argentina,ARG,2017,643628665302.155
Armenia,ARM,2017,11527458565.7334
Aruba,ABW,2017,3092178770.94972
Australia,AUS,2017,1326516328531.56
Austria,AUT,2017,417261151844.977
Azerbaijan,AZE,2017,40865558912.3867
"Bahamas, The",BHS,2017,12357600000
Bahrain,BHR,2017,35473776595.7447
Bangladesh,BGD,2017,293754646182.389
Barbados,BRB,2017,4981588900
Belarus,BLR,2017,54726595249.1849
Belgium,BEL,2017,502764720556.354
Belize,BLZ,2017,2286000000
Benin,BEN,2017,12701655845.9612
Bermuda,BMU,2017,7142316000
Bhutan,BTN,2017,2450364928.07302
Bolivia,BOL,2017,37508642165.3366
Bosnia and Herzegovina,BIH,2017,18080118186.009
Botswana,BWA,2017,16105182316.3307
Brazil,BRA,2017,2063507864886.88
British Virgin Islands,VGB,2017,NA
Brunei Darussalam,BRN,2017,12128104859.1498
Bulgaria,BGR,2017,59199447421.4924
Burkina Faso,BFA,2017,14106956830.0857
Burundi,BDI,2017,2712324133.79776
Cabo Verde,CPV,2017,1769787215.42141
Cambodia,KHM,2017,22177200511.5811
Cameroon,CMR,2017,36098550141.5897
Canada,CAN,2017,1649265644244.09
Cayman Islands,CYM,2017,5166467298.69195
Central African Republic,CAF,2017,2072349794.23301
Chad,TCD,2017,10000395242.1457
Channel Islands,CHI,2017,NA
Chile,CHL,2017,276364933679.626
China,CHN,2017,12310409370892.8
Colombia,COL,2017,311883730442.045
Comoros,COM,2017,1077439662.5798
"Congo, Dem. Rep.",COD,2017,38019265625.8845
"Congo, Rep.",COG,2017,11094822713.3481
Costa Rica,CRI,2017,60516043590.1832
Cote d'Ivoire,CIV,2017,51588158717.5348
Croatia,HRV,2017,56323836169.7177
Cuba,CUB,2017,96851000000
Curacao,CUW,2017,3009497206.70391
Cyprus,CYP,2017,22946726163.5789
Czechia,CZE,2017,218628940951.675
Denmark,DNK,2017,332121063806.391
Djibouti,DJI,2017,2762581334.22612
Dominica,DMA,2017,521551851.851852
Dominican Republic,DOM,2017,79997975621.8654
Ecuador,ECU,2017,104295862000
"Egypt, Arab Rep.",EGY,2017,235733695652.174
El Salvador,SLV,2017,24979190000
Equatorial Guinea,GNQ,2017,12200912828.3695
Eritrea,ERI,2017,NA
Estonia,EST,2017,26924385103.0659
Eswatini,SWZ,2017,4402969225.92165
Ethiopia,ETH,2017,81770791970.982
Faroe Islands,FRO,2017,2980054218.60092
Fiji,FJI,2017,5353404418.66413
Finland,FIN,2017,255647979916.471
France,FRA,2017,2595151045197.65
French Polynesia,PYF,2017,5833351477.8985
Gabon,GAB,2017,14929488770.7315
"Gambia, The",GMB,2017,1504909753.28746
Georgia,GEO,2017,16242916915.7203
Germany,DEU,2017,3690849152517.65
Ghana,GHA,2017,60406382898.5174
Gibraltar,GIB,2017,NA
Greece,GRC,2017,199844406013.531
Greenland,GRL,2017,2851610655.92391
Grenada,GRD,2017,1125681481.48148
Guam,GUM,2017,6013000000
Guatemala,GTM,2017,71654134378.5299
Guinea,GIN,2017,10324668266.5921
Guinea-Bissau,GNB,2017,1350177127.5523
Guyana,GUY,2017,4748174334.14044
Haiti,HTI,2017,15035560372.6443
Honduras,HND,2017,23136232229.6069
"Hong Kong SAR, China",HKG,2017,341273289534.466
Hungary,HUN,2017,143112196040.326
Iceland,ISL,2017,24728285177.4603
India,IND,2017,2651472946375.05
Indonesia,IDN,2017,1015618742565.81
"Iran, Islamic Rep.",IRN,2017,486630146443.617
Iraq,IRQ,2017,187217660050.676
Ireland,IRL,2017,336377500160.546
Isle of Man,IMN,2017,6979581724.58172
Israel,ISR,2017,358245427458.541
Italy,ITA,2017,1961796197354.36
Jamaica,JAM,2017,14808989993.3185
Japan,JPN,2017,4930837369151.42
Jordan,JOR,2017,41608435921.7904
Kazakhstan,KAZ,2017,166805800595.704
Kenya,KEN,2017,82035800868.187
Kiribati,KIR,2017,188192060.085837
"Korea, Dem. People's Rep.",PRK,2017,NA
"Korea, Rep.",KOR,2017,1623901496835.79
Kosovo,XKX,2017,7180813375.50836
Kuwait,KWT,2017,120707435542.367
Kyrgyz Republic,KGZ,2017,7702934800.12836
Lao PDR,LAO,2017,17071162084.4067
Latvia,LVA,2017,30483806017.8318
Lebanon,LBN,2017,53027680685.8375
Lesotho,LSO,2017,2306741845.41948
Liberia,LBR,2017,3390703400
Libya,LBY,2017,67158415841.5842
Liechtenstein,LIE,2017,6474256118.61481
Lithuania,LTU,2017,47758736931.7801
Luxembourg,LUX,2017,65712180342.9836
"Macao SAR, China",MAC,2017,50440941938.6992
Madagascar,MDG,2017,13176313593.5509
Malawi,MWI,2017,8943543677.18899
Malaysia,MYS,2017,319112175611.571
Maldives,MDV,2017,4754175869.24027
Mali,MLI,2017,15365711725.0672
Malta,MLT,2017,13489380930.8631
Marshall Islands,MHL,2017,212701200
Mauritania,MRT,2017,6800141921.64137
Mauritius,MUS,2017,13713509312.2669
Mexico,MEX,2017,1158913035796.37
"Micronesia, Fed. Sts.",FSM,2017,366666800
Moldova,MDA,2017,9669741744.22001
Monaco,MCO,2017,6431314957.07185
Mongolia,MNG,2017,11480847745.3187
Montenegro,MNE,2017,4856632399.45775
Morocco,MAR,2017,118540548906.314
Mozambique,MOZ,2017,13219084261.3664
Myanmar,MMR,2017,61449392056.1488
Namibia,NAM,2017,12895153157.3463
Nauru,NRU,2017,109359680.217211
Nepal,NPL,2017,28971589213.2184
Netherlands,NLD,2017,833869641687.06
New Caledonia,NCL,2017,9173668102.13844
New Zealand,NZL,2017,206623758800.159
Nicaragua,NIC,2017,13785909906.1925
Niger,NER,2017,11185102399.5762
Nigeria,NGA,2017,375745732274.676
North Macedonia,MKD,2017,11307058382.3435
Northern Mariana Islands,MNP,2017,1560000000
Norway,NOR,2017,398393955268.99
Oman,OMN,2017,80856697009.1027
Pakistan,PAK,2017,339205615769.187
Palau,PLW,2017,285600000
Panama,PAN,2017,62202700000
Papua New Guinea,PNG,2017,22742613553.6879
Paraguay,PRY,2017,38997129473.5558
Peru,PER,2017,211007207483.515
Philippines,PHL,2017,328480867142.69
Poland,POL,2017,524645833884.582
Portugal,PRT,2017,221357874718.93
Puerto Rico,PRI,2017,103445526000
Qatar,QAT,2017,161099122225.275
Romania,ROU,2017,210146748920.419
Russian Federation,RUS,2017,1574199387070.9
Rwanda,RWA,2017,9252834120.39358
Samoa,WSM,2017,884847176.210759
San Marino,SMR,2017,1528630707.49794
Sao Tome and Principe,STP,2017,375614126.193877
Saudi Arabia,SAU,2017,688586094412.68
Senegal,SEN,2017,20996564751.5994
Serbia,SRB,2017,44179055279.8887
Seychelles,SYC,2017,1573433080.78958
Sierra Leone,SLE,2017,3719369107.34992
Singapore,SGP,2017,343193352161.634
Sint Maarten (Dutch part),SXM,2017,1191620111.73184
Slovak Republic,SVK,2017,95649966260.9802
Slovenia,SVN,2017,48589100043.0954
Solomon Islands,SLB,2017,1469787255.62289
Somalia,SOM,2017,5609000000
South Africa,ZAF,2017,381448814653.456
South Sudan,SSD,2017,NA
Spain,ESP,2017,1313245330197.65
Sri Lanka,LKA,2017,94376246466.9549
St. Kitts and Nevis,KNA,2017,1058937037.03704
St. Lucia,LCA,2017,1996710562.6389
St. Martin (French part),MAF,2017,NA
St. Vincent and the Grenadines,VCT,2017,847620222.222222
Sudan,SDN,2017,129717804934.614
Suriname,SUR,2017,3591660723.58668
Sweden,SWE,2017,541018749769.097
Switzerland,CHE,2017,695200833086.499
Syrian Arab Republic,SYR,2017,16369724433.2751
Tajikistan,TJK,2017,7536439875.08334
Tanzania,TZA,2017,53320647489.1365
Thailand,THA,2017,456356961443.497
Timor-Leste,TLS,2017,1595724260.7075
Togo,TGO,2017,6395472574.41445
Tonga,TON,2017,460379144.989821
Trinidad and Tobago,TTO,2017,23797686965.7886
Tunisia,TUN,2017,42163966272.6296
Turkiye,TUR,2017,858996263095.858
Turkmenistan,TKM,2017,37926285714.2857
Turks and Caicos Islands,TCA,2017,1022365000
Tuvalu,TUV,2017,45217657.8786021
Uganda,UGA,2017,30744473911.5312
Ukraine,UKR,2017,112090530368.543
United Arab Emirates,ARE,2017,390516804016.501
United Kingdom,GBR,2017,2683399006715.79
United States,USA,2017,19477336549000
Uruguay,URY,2017,64233966861.2518
Uzbekistan,UZB,2017,62081323299.0324
Vanuatu,VUT,2017,880062103.045053
"Venezuela, RB",VEN,2017,NA
Vietnam,VNM,2017,281353625688.004
Virgin Islands (U.S.),VIR,2017,3794000000
West Bank and Gaza,PSE,2017,16128000000
"Yemen, Rep.",YEM,2017,26842231204.8047
Zambia,ZMB,2017,25873601260.8353
Zimbabwe,ZWE,2017,17584890937.482
Afghanistan,AFG,2018,18418848299.5825
Albania,ALB,2018,15156432309.8977
Algeria,DZA,2018,174910878623.049
American Samoa,ASM,2018,639000000
Andorra,AND,2018,3218316013.22626
Angola,AGO,2018,77792944471.9494
Antigua and Barbuda,ATG,2018,1605944444.44444
Argentina,ARG,2018,524819742918.669
Armenia,ARM,2018,12457941907.0333
Aruba,ABW,2018,3202234636.87151
Australia,AUS,2018,1428288504767.07
Austria,AUT,2018,454991174096.102
Azerbaijan,AZE,2018,47112941176.4706
"Bahamas, The",BHS,2018,12755800000
Bahrain,BHR,2018,37802005319.1489
Bangladesh,BGD,2018,321379023557.462
Barbados,BRB,2018,5097283200
Belarus,BLR,2018,60031262269.3365
Belgium,BEL,2018,543299066998.902
Belize,BLZ,2018,2315000000
Benin,BEN,2018,14262408079.7014
Bermuda,BMU,2018,7225977000
Bhutan,BTN,2018,2446866404.93058
Bolivia,BOL,2018,40287647930.4761
Bosnia and Herzegovina,BIH,2018,20183510863.0054
Botswana,BWA,2018,17031901441.1765
Brazil,BRA,2018,1916947014067.55
British Virgin Islands,VGB,2018,NA
Brunei Darussalam,BRN,2018,13567351175.0315
Bulgaria,BGR,2018,66363537115.2686
Burkina Faso,BFA,2018,15890065019.7634
Burundi,BDI,2018,2660123597.70762
Cabo Verde,CPV,2018,1966501117.61028
Cambodia,KHM,2018,24571753583.4922
Cameroon,CMR,2018,39973839064.6084
Canada,CAN,2018,1725329192783.02
Cayman Islands,CYM,2018,5530377535.1014
Central African Republic,CAF,2018,2220978978.17342
Chad,TCD,2018,11239167048.4916
Channel Islands,CHI,2018,NA
Chile,CHL,2018,295402652037.155
China,CHN,2018,13894817549374.2
Colombia,COL,2018,334198218100.719
Comoros,COM,2018,1188797574.94753
"Congo, Dem. Rep.",COD,2018,47568210068.5136
"Congo, Rep.",COG,2018,13670036996.0023
Costa Rica,CRI,2018,62420165099.7231
Cote d'Ivoire,CIV,2018,58011466450.8643
Croatia,HRV,2018,62316840749.9705
Cuba,CUB,2018,100050000000
Curacao,CUW,2018,3020388826.81564
Cyprus,CYP,2018,25596474964.5725
Czechia,CZE,2018,249000540729.179
Denmark,DNK,2018,356841216410.068
Djibouti,DJI,2018,2913466732.12507
Dominica,DMA,2018,554770370.37037
Dominican Republic,DOM,2018,85555378042.8196
Ecuador,ECU,2018,107562008000
"Egypt, Arab Rep.",EGY,2018,249712999437.254
El Salvador,SLV,2018,26020850000
Equatorial Guinea,GNQ,2018,13097011143.2874
Eritrea,ERI,2018,NA
Estonia,EST,2018,30624720196.229
Eswatini,SWZ,2018,4665237415.12526
Ethiopia,ETH,2018,84269348327.3454
Faroe Islands,FRO,2018,3188610521.64824
Fiji,FJI,2018,5581371847.61641
Finland,FIN,2018,275708001767.843
France,FRA,2018,2790956878746.66
French Polynesia,PYF,2018,6135117589.07754
Gabon,GAB,2018,16867326389.8704
"Gambia, The",GMB,2018,1670670668.5939
Georgia,GEO,2018,17596922469.9152
Germany,DEU,2018,3974443355019.6
Ghana,GHA,2018,67299280679.563
Gibraltar,GIB,2018,NA
Greece,GRC,2018,212049447242.111
Greenland,GRL,2018,3055791340.7025
Grenada,GRD,2018,1166511111.11111
Guam,GUM,2018,6056000000
Guatemala,GTM,2018,73328024537.1848
Guinea,GIN,2018,11857030336.5252
Guinea-Bissau,GNB,2018,1504630120.99275
Guyana,GUY,2018,4787636237.24043
Haiti,HTI,2018,16455034352.7671
Honduras,HND,2018,24067778953.842
"Hong Kong SAR, China",HKG,2018,361731070995.726
Hungary,HUN,2018,160564628963.713
Iceland,ISL,2018,26264127686.6137
India,IND,2018,2702929718960.46
Indonesia,IDN,2018,1042271531011.99
"Iran, Islamic Rep.",IRN,2018,331682036227.963
Iraq,IRQ,2018,227367469034.031
Ireland,IRL,2018,385736680797.118
Isle of Man,IMN,2018,7491969312.87525
Israel,ISR,2018,376691526553.276
Italy,ITA,2018,2091932426266.98
Jamaica,JAM,2018,15730793852.7913
Japan,JPN,2018,5037835383110.97
Jordan,JOR,2018,43370860549.1337
Kazakhstan,KAZ,2018,179339994859.384
Kenya,KEN,2018,92202956320.532
Kiribati,KIR,2018,196230573.819486
"Korea, Dem. People's Rep.",PRK,2018,NA
"Korea, Rep.",KOR,2018,1724845615629.26
Kosovo,XKX,2018,7878508502.59802
Kuwait,KWT,2018,138182400493.585
Kyrgyz Republic,KGZ,2018,8271108638.39931
Lao PDR,LAO,2018,18141651381.3884
Latvia,LVA,2018,34429023435.0211
Lebanon,LBN,2018,54901519155.6219
Lesotho,LSO,2018,2553495915.79202
Liberia,LBR,2018,3422754800
Libya,LBY,2018,76684175824.1758
Liechtenstein,LIE,2018,6692504346.04765
Lithuania,LTU,2018,53751411409.4447
Luxembourg,LUX,2018,71000359760.4611
"Macao SAR, China",MAC,2018,55284360483.1217
Madagascar,MDG,2018,13760033096.5211
Malawi,MWI,2018,9880675785.93057
Malaysia,MYS,2018,358791603677.728
Maldives,MDV,2018,5300962659.51088
Mali,MLI,2018,17070866299.0945
Malta,MLT,2018,15298771846.9532
Marshall Islands,MHL,2018,219330300
Mauritania,MRT,2018,7473550557.07378
Mauritius,MUS,2018,14735695930.9727
Mexico,MEX,2018,1222408203104.3
"Micronesia, Fed. Sts.",FSM,2018,401932300
Moldova,MDA,2018,11457443185.0542
Monaco,MCO,2018,7194024563.06094
Mongolia,MNG,2018,13178094459.4548
Montenegro,MNE,2018,5506766650.92111
Morocco,MAR,2018,127341174715.803
Mozambique,MOZ,2018,14845402473.5521
Myanmar,MMR,2018,67144725830.5753
Namibia,NAM,2018,13682062250.8152
Nauru,NRU,2018,124021393.690412
Nepal,NPL,2018,33111525871.9538
Netherlands,NLD,2018,914043438179.607
New Caledonia,NCL,2018,9846922416.14776
New Zealand,NZL,2018,211953111035.513
Nicaragua,NIC,2018,13025239912.2751
Niger,NER,2018,12808660528.0617
Nigeria,NGA,2018,421739210176.152
North Macedonia,MKD,2018,12683070061.4695
Northern Mariana Islands,MNP,2018,1302000000
Norway,NOR,2018,436999692591.454
Oman,OMN,2018,91505851755.5267
Pakistan,PAK,2018,356128224957.085
Palau,PLW,2018,284900000
Panama,PAN,2018,64929400000
Papua New Guinea,PNG,2018,24109509852.7402
Paraguay,PRY,2018,40225448340.6322
Peru,PER,2018,222597212925.211
Philippines,PHL,2018,346842094175.24
Poland,POL,2018,588782567765.872
Portugal,PRT,2018,242313116577.967
Puerto Rico,PRI,2018,100958100000
Qatar,QAT,2018,183334953818.681
Romania,ROU,2018,243317079358.636
Russian Federation,RUS,2018,1657329646183.62
Rwanda,RWA,2018,9642440645.81148
Samoa,WSM,2018,878435084.164589
San Marino,SMR,2018,1655300872.53427
Sao Tome and Principe,STP,2018,412253809.728799
Saudi Arabia,SAU,2018,816578674529.141
Senegal,SEN,2018,23116897847.0474
Serbia,SRB,2018,50640650221.4622
Seychelles,SYC,2018,1636312009.83387
Sierra Leone,SLE,2018,4085114794.22324
Singapore,SGP,2018,376998146500.593
Sint Maarten (Dutch part),SXM,2018,1185474860.3352
Slovak Republic,SVK,2018,106137924015.593
Slovenia,SVN,2018,54177882425.8431
Solomon Islands,SLB,2018,1615479408.99088
Somalia,SOM,2018,5856000006.22196
South Africa,ZAF,2018,404159690890.846
South Sudan,SSD,2018,NA
Spain,ESP,2018,1421702715218.04
Sri Lanka,LKA,2018,94493847351.6433
St. Kitts and Nevis,KNA,2018,1076911111.11111
St. Lucia,LCA,2018,2057067919.33041
St. Martin (French part),MAF,2018,NA
St. Vincent and the Grenadines,VCT,2018,884328185.185185
Sudan,SDN,2018,32333780383.2924
Suriname,SUR,2018,3996204757.11893
Sweden,SWE,2018,555455371487.089
Switzerland,CHE,2018,725568717468.001
Syrian Arab Republic,SYR,2018,21351730539.3113
Tajikistan,TJK,2018,7765014424.33779
Tanzania,TZA,2018,57003685911.9411
Thailand,THA,2018,506754616189.315
Timor-Leste,TLS,2018,1563887943.80061
Togo,TGO,2018,7112200725.00232
Tonga,TON,2018,488903272.859878
Trinidad and Tobago,TTO,2018,24322359034.7096
Tunisia,TUN,2018,42685972269.4473
Turkiye,TUR,2018,778471900960.981
Turkmenistan,TKM,2018,40765428571.4286
Turks and Caicos Islands,TCA,2018,1113178000
Tuvalu,TUV,2018,47818290.4961148
Uganda,UGA,2018,32927025573.4296
Ukraine,UKR,2018,130891049796.879
United Arab Emirates,ARE,2018,427049432149.345
United Kingdom,GBR,2018,2878152147315.82
United States,USA,2018,20533057312000
Uruguay,URY,2018,64515038268.1373
Uzbekistan,UZB,2018,52633143808.1824
Vanuatu,VUT,2018,914736985.430944
"Venezuela, RB",VEN,2018,NA
Vietnam,VNM,2018,310106472642.968
Virgin Islands (U.S.),VIR,2018,3922000000
West Bank and Gaza,PSE,2018,16276600000
"Yemen, Rep.",YEM,2018,21606161066.2074
Zambia,ZMB,2018,26311590296.7021
Zimbabwe,ZWE,2018,34156069918.0609
Afghanistan,AFG,2019,18904490262.913
Albania,ALB,2019,15401830754.0773
Algeria,DZA,2019,171767403748.19
American Samoa,ASM,2019,647000000
Andorra,AND,2019,3155065487.51819
Angola,AGO,2019,69309110145.7687
Antigua and Barbuda,ATG,2019,1687533333.33333
Argentina,ARG,2019,447754609218.678
Armenia,ARM,2019,13619291361.2814
Aruba,ABW,2019,3368970253.05286
Australia,AUS,2019,1392227864397.08
Austria,AUT,2019,444621176100.548
Azerbaijan,AZE,2019,48174235294.1176
"Bahamas, The",BHS,2019,13192800000
Bahrain,BHR,2019,38653318085.1064
Bangladesh,BGD,2019,351238474244.667
Barbados,BRB,2019,5324250000
Belarus,BLR,2019,64409647193.8044
Belgium,BEL,2019,535830876745.097
Belize,BLZ,2019,2416500000
Benin,BEN,2019,14391686309.033
Bermuda,BMU,2019,7423465000
Bhutan,BTN,2019,2535657069.05537
Bolivia,BOL,2019,40895322843.7851
Bosnia and Herzegovina,BIH,2019,20202479537.5193
Botswana,BWA,2019,16695928792.5697
Brazil,BRA,2019,1873274432754.47
British Virgin Islands,VGB,2019,NA
Brunei Darussalam,BRN,2019,13469422958.5105
Bulgaria,BGR,2019,68915875214.6537
Burkina Faso,BFA,2019,16178162030.0694
Burundi,BDI,2019,2576518846.39
Cabo Verde,CPV,2019,1981845740.70615
Cambodia,KHM,2019,27089389786.979
Cameroon,CMR,2019,39670977332.7348
Canada,CAN,2019,1742015045482.31
Cayman Islands,CYM,2019,5943589103.56414
Central African Republic,CAF,2019,2221301400.72468
Chad,TCD,2019,11314951342.7807
Channel Islands,CHI,2019,NA
Chile,CHL,2019,278584733103.01
China,CHN,2019,14279937500606.5
Colombia,COL,2019,323109540251.855
Comoros,COM,2019,1195019559.09381
"Congo, Dem. Rep.",COD,2019,51775830725.8441
"Congo, Rep.",COG,2019,12750339022.9915
Costa Rica,CRI,2019,64417670082.6127
Cote d'Ivoire,CIV,2019,58539424929.7248
Croatia,HRV,2019,62327983579.5899
Cuba,CUB,2019,103428000000
Curacao,CUW,2019,2995185474.86034
Cyprus,CYP,2019,25944504645.6957
Czechia,CZE,2019,252548179964.897
Denmark,DNK,2019,346498737961.635
Djibouti,DJI,2019,3088853638.56832
Dominica,DMA,2019,611537037.037037
Dominican Republic,DOM,2019,88941299733.5018
Ecuador,ECU,2019,108108009000
"Egypt, Arab Rep.",EGY,2019,303080865603.645
El Salvador,SLV,2019,26881140000
Equatorial Guinea,GNQ,2019,11364133801.8914
Eritrea,ERI,2019,NA
Estonia,EST,2019,31081901909.2156
Eswatini,SWZ,2019,4495264160.86577
Ethiopia,ETH,2019,95912590628.1412
Faroe Islands,FRO,2019,3275706960.14634
Fiji,FJI,2019,5481675173.38011
Finland,FIN,2019,268514916972.549
France,FRA,2019,2728870246705.88
French Polynesia,PYF,2019,6001384759.57628
Gabon,GAB,2019,16874405460.1955
"Gambia, The",GMB,2019,1813608279.65044
Georgia,GEO,2019,17470436258.5131
Germany,DEU,2019,3888226035921.56
Ghana,GHA,2019,68337537815.7703
Gibraltar,GIB,2019,NA
Greece,GRC,2019,205257014892.502
Greenland,GRL,2019,2994332323.74726
Grenada,GRD,2019,1213485185.18519
Guam,GUM,2019,6366000000
Guatemala,GTM,2019,77170421167.5134
Guinea,GIN,2019,13442861443.7506
Guinea-Bissau,GNB,2019,1439638443.38133
Guyana,GUY,2019,5173760191.84652
Haiti,HTI,2019,14785839382.9002
Honduras,HND,2019,25089976946.7736
"Hong Kong SAR, China",HKG,2019,363052489184.395
Hungary,HUN,2019,163988594921.902
Iceland,ISL,2019,24826102119.6357
India,IND,2019,2831552222519.99
Indonesia,IDN,2019,1119099868265.25
"Iran, Islamic Rep.",IRN,2019,283746685180.338
Iraq,IRQ,2019,233636097800.338
Ireland,IRL,2019,399321701632.431
Isle of Man,IMN,2019,7315388052.08067
Israel,ISR,2019,402470513619.148
Italy,ITA,2019,2011302198827.45
Jamaica,JAM,2019,15830768549.8916
Japan,JPN,2019,5123318151510.62
Jordan,JOR,2019,44993992365.1297
Kazakhstan,KAZ,2019,181667190075.541
Kenya,KEN,2019,100379713697.421
Kiribati,KIR,2019,177935349.322211
"Korea, Dem. People's Rep.",PRK,2019,NA
"Korea, Rep.",KOR,2019,1651422932447.77
Kosovo,XKX,2019,7899879086.43081
Kuwait,KWT,2019,136196760180.976
Kyrgyz Republic,KGZ,2019,8871026074.19762
Lao PDR,LAO,2019,18740559554.1632
Latvia,LVA,2019,34343961072.8235
Lebanon,LBN,2019,51953744530.2445
Lesotho,LSO,2019,2453980835.24819
Liberia,LBR,2019,3319596500
Libya,LBY,2019,69252306372.0232
Liechtenstein,LIE,2019,6427248943.44939
Lithuania,LTU,2019,54751510087.7803
Luxembourg,LUX,2019,69825641851.0117
"Macao SAR, China",MAC,2019,55204758069.5124
Madagascar,MDG,2019,14104664514.8681
Malawi,MWI,2019,11025371147.1876
Malaysia,MYS,2019,365175135787.568
Maldives,MDV,2019,5609400721.62268
Mali,MLI,2019,17280251193.9527
Malta,MLT,2019,15725847979.4022
Marshall Islands,MHL,2019,232092300
Mauritania,MRT,2019,8066126312.31807
Mauritius,MUS,2019,14436353897.9802
Mexico,MEX,2019,1269011767478.56
"Micronesia, Fed. Sts.",FSM,2019,412000000
Moldova,MDA,2019,11971345002.7757
Monaco,MCO,2019,7383745662.15157
Mongolia,MNG,2019,14206359006.8095
Montenegro,MNE,2019,5542053845.29274
Morocco,MAR,2019,128919944681.869
Mozambique,MOZ,2019,15390039241.674
Myanmar,MMR,2019,68697759361.231
Namibia,NAM,2019,12541928104.6242
Nauru,NRU,2019,118724073.809183
Nepal,NPL,2019,34186190995.9565
Netherlands,NLD,2019,910194347568.626
New Caledonia,NCL,2019,9438130987.37298
New Zealand,NZL,2019,213434571357.984
Nicaragua,NIC,2019,12596636042.2321
Niger,NER,2019,12916455161.1081
Nigeria,NGA,2019,448120015209.524
North Macedonia,MKD,2019,12606338448.547
Northern Mariana Islands,MNP,2019,1182000000
Norway,NOR,2019,404941363636.364
Oman,OMN,2019,88060858257.4772
Pakistan,PAK,2019,320909489229.723
Palau,PLW,2019,278900000
Panama,PAN,2019,66984400000
Papua New Guinea,PNG,2019,24751344560.8856
Paraguay,PRY,2019,37925338329.1494
Peru,PER,2019,228323495040.901
Philippines,PHL,2019,376823278560.849
Poland,POL,2019,596054591863.312
Portugal,PRT,2019,239986922638.902
Puerto Rico,PRI,2019,105126400000
Qatar,QAT,2019,175837550989.011
Romania,ROU,2019,251019278416.197
Russian Federation,RUS,2019,1693113904262.89
Rwanda,RWA,2019,10356327149.4262
Samoa,WSM,2019,912944537.815126
San Marino,SMR,2019,1616188702.34405
Sao Tome and Principe,STP,2019,427425039.684339
Saudi Arabia,SAU,2019,803616264791.024
Senegal,SEN,2019,23398811423.578
Serbia,SRB,2019,51514222381.8428
Seychelles,SYC,2019,1684373490.19831
Sierra Leone,SLE,2019,4076578542.56207
Singapore,SGP,2019,375472731271.075
Sint Maarten (Dutch part),SXM,2019,NA
Slovak Republic,SVK,2019,105720354988.541
Slovenia,SVN,2019,54331588482.3058
Solomon Islands,SLB,2019,1619154819.29185
Somalia,SOM,2019,6485000000
South Africa,ZAF,2019,388531954110.604
South Sudan,SSD,2019,NA
Spain,ESP,2019,1394320055129.41
Sri Lanka,LKA,2019,89014990791.9051
St. Kitts and Nevis,KNA,2019,1107840740.74074
St. Lucia,LCA,2019,2094201725.17451
St. Martin (French part),MAF,2019,NA
St. Vincent and the Grenadines,VCT,2019,910149703.703704
Sudan,SDN,2019,32338079165.2893
Suriname,SUR,2019,4016040575.08796
Sweden,SWE,2019,533879529188.454
Switzerland,CHE,2019,721369112726.724
Syrian Arab Republic,SYR,2019,22443299775.342
Tajikistan,TJK,2019,8300784856.87904
Tanzania,TZA,2019,61136873692.3985
Thailand,THA,2019,544081056184.697
Timor-Leste,TLS,2019,2028551627.60532
Togo,TGO,2019,7220395247.7424
Tonga,TON,2019,512057749.020644
Trinidad and Tobago,TTO,2019,23849557811.8957
Tunisia,TUN,2019,41906113685.9324
Turkiye,TUR,2019,759937390496.669
Turkmenistan,TKM,2019,45231428571.4286
Turks and Caicos Islands,TCA,2019,1197415000
Tuvalu,TUV,2019,54223149.1136601
Uganda,UGA,2019,35353060634.2022
Ukraine,UKR,2019,153882982016.281
United Arab Emirates,ARE,2019,417989721734.494
United Kingdom,GBR,2019,2857057847953.02
United States,USA,2019,21380976119000
Uruguay,URY,2019,61231149880.5857
Uzbekistan,UZB,2019,59907674027.4676
Vanuatu,VUT,2019,936526267.622513
"Venezuela, RB",VEN,2019,NA
Vietnam,VNM,2019,334365257436.758
Virgin Islands (U.S.),VIR,2019,4117000000
West Bank and Gaza,PSE,2019,17133500000
"Yemen, Rep.",YEM,2019,NA
Zambia,ZMB,2019,23308667781.2258
Zimbabwe,ZWE,2019,21832234925.5021
Afghanistan,AFG,2020,20143442150.971
Albania,ALB,2020,15131866270.5936
Algeria,DZA,2020,145009181490.62
American Samoa,ASM,2020,716000000
Andorra,AND,2020,2891022272.98687
Angola,AGO,2020,53619073505.1377
Antigua and Barbuda,ATG,2020,1370281481.48148
Argentina,ARG,2020,385540224628.292
Armenia,ARM,2020,12641697523.2966
Aruba,ABW,2020,2610038937.56355
Australia,AUS,2020,1326901059123.21
Austria,AUT,2020,435225238000.437
Azerbaijan,AZE,2020,42693000000
"Bahamas, The",BHS,2020,9699500000
Bahrain,BHR,2020,34723357446.8085
Bangladesh,BGD,2020,373902134700.41
Barbados,BRB,2020,4671800000
Belarus,BLR,2020,61371126414.1663
Belgium,BEL,2020,525211810652.608
Belize,BLZ,2020,2080000000
Benin,BEN,2020,15651545208.8783
Bermuda,BMU,2020,6887147000
Bhutan,BTN,2020,2325184481.4277
Bolivia,BOL,2020,36629843805.0216
Bosnia and Herzegovina,BIH,2020,19950471170.6465
Botswana,BWA,2020,14930072458.5814
Brazil,BRA,2020,1448559976218.19
British Virgin Islands,VGB,2020,NA
Brunei Darussalam,BRN,2020,12005825759.223
Bulgaria,BGR,2020,70240275010.1964
Burkina Faso,BFA,2020,17933606353.1775
Burundi,BDI,2020,2649671998.86192
Cabo Verde,CPV,2020,1703698676.69742
Cambodia,KHM,2020,25872798012.1938
Cameroon,CMR,2020,40773241531.2395
Canada,CAN,2020,1645423407568.36
Cayman Islands,CYM,2020,5608989199.56798
Central African Republic,CAF,2020,2326720920.59223
Chad,TCD,2020,10715396135.4168
Channel Islands,CHI,2020,NA
Chile,CHL,2020,252727193710.018
China,CHN,2020,14687673892882
Colombia,COL,2020,270299984937.97
Comoros,COM,2020,1225039230.74083
"Congo, Dem. Rep.",COD,2020,48716960860.0664
"Congo, Rep.",COG,2020,10483151175.8451
Costa Rica,CRI,2020,62158002233.0279
Cote d'Ivoire,CIV,2020,61348579465.1017
Croatia,HRV,2020,57472012426.6853
Cuba,CUB,2020,107352000000
Curacao,CUW,2020,2496174748.60335
Cyprus,CYP,2020,25008448886.3507
Czechia,CZE,2020,245974558654.043
Denmark,DNK,2020,355222449505.211
Djibouti,DJI,2020,3181071153.6622
Dominica,DMA,2020,504214814.814815
Dominican Republic,DOM,2020,78844702329.0785
Ecuador,ECU,2020,99291124000
"Egypt, Arab Rep.",EGY,2020,365252651278.852
El Salvador,SLV,2020,24563020000
Equatorial Guinea,GNQ,2020,10099158074.7273
Eritrea,ERI,2020,NA
Estonia,EST,2020,31370395572.7658
Eswatini,SWZ,2020,3982226055.38454
Ethiopia,ETH,2020,107657734392.446
Faroe Islands,FRO,2020,3248696901.60652
Fiji,FJI,2020,4477040340.45226
Finland,FIN,2020,271891788362.647
France,FRA,2020,2639008701648.26
French Polynesia,PYF,2020,5709421968.74051
Gabon,GAB,2020,15314577167.8211
"Gambia, The",GMB,2020,1812169483.72578
Georgia,GEO,2020,15842922532.7202
Germany,DEU,2020,3889668895299.62
Ghana,GHA,2020,70043199813.6885
Gibraltar,GIB,2020,NA
Greece,GRC,2020,188925995936.807
Greenland,GRL,2020,3076015346.7541
Grenada,GRD,2020,1043414814.81481
Guam,GUM,2020,5886000000
Guatemala,GTM,2020,77625486978.2561
Guinea,GIN,2020,14177835816.2777
Guinea-Bissau,GNB,2020,1431758242.90375
Guyana,GUY,2020,5471256594.72422
Haiti,HTI,2020,14508218017.4032
Honduras,HND,2020,23827840809.7014
"Hong Kong SAR, China",HKG,2020,344932192028.051
Hungary,HUN,2020,157182045260.23
Iceland,ISL,2020,21694674809.9321
India,IND,2020,2667687951796.5
Indonesia,IDN,2020,1058688935454.78
"Iran, Islamic Rep.",IRN,2020,239735571102.495
Iraq,IRQ,2020,184369797315.436
Ireland,IRL,2020,425852281928.121
Isle of Man,IMN,2020,NA
Israel,ISR,2020,413267669231.522
Italy,ITA,2020,1896755301518.14
Jamaica,JAM,2020,13812425036.5864
Japan,JPN,2020,5040107754084.11
Jordan,JOR,2020,44182298291.8206
Kazakhstan,KAZ,2020,171082379532.988
Kenya,KEN,2020,100666542665.72
Kiribati,KIR,2020,180911843.644622
"Korea, Dem. People's Rep.",PRK,2020,NA
"Korea, Rep.",KOR,2020,1644312831906.17
Kosovo,XKX,2020,7716925356.12536
Kuwait,KWT,2020,105960225688.145
Kyrgyz Republic,KGZ,2020,7780874536.66054
Lao PDR,LAO,2020,18981800705.0794
Latvia,LVA,2020,34601740323.3386
Lebanon,LBN,2020,31712128253.7961
Lesotho,LSO,2020,2231214507.47611
Liberia,LBR,2020,3039982500
Libya,LBY,2020,50357312594.5129
Liechtenstein,LIE,2020,6113951011.71459
Lithuania,LTU,2020,56846622904.4391
Luxembourg,LUX,2020,73992591285.3029
"Macao SAR, China",MAC,2020,25459563655.4806
Madagascar,MDG,2020,13051441059.3338
Malawi,MWI,2020,12182348212.7073
Malaysia,MYS,2020,337337932675.152
Maldives,MDV,2020,3746321936.37729
Mali,MLI,2020,17465392915.9153
Malta,MLT,2020,14933066818.9606
Marshall Islands,MHL,2020,241722400
Mauritania,MRT,2020,8405491201.74674
Mauritius,MUS,2020,11401050654.5624
Mexico,MEX,2020,1090515389749.41
"Micronesia, Fed. Sts.",FSM,2020,408000000
Moldova,MDA,2020,11859730543.5525
Monaco,MCO,2020,6739691604.79726
Mongolia,MNG,2020,13312981594.573
Montenegro,MNE,2020,4769860740.74074
Morocco,MAR,2020,121348138320.276
Mozambique,MOZ,2020,14028811071.7628
Myanmar,MMR,2020,78930257227.0908
Namibia,NAM,2020,10581585630.0773
Nauru,NRU,2020,114626625.553023
Nepal,NPL,2020,33433670511.9364
Netherlands,NLD,2020,909793466661.481
New Caledonia,NCL,2020,9435529927.2471
New Zealand,NZL,2020,211734532308.013
Nicaragua,NIC,2020,12586970511.4131
Niger,NER,2020,13744174689.9681
Nigeria,NGA,2020,432198936002.177
North Macedonia,MKD,2020,12363580534.6811
Northern Mariana Islands,MNP,2020,NA
Norway,NOR,2020,362198318435.26
Oman,OMN,2020,75909397659.2978
Pakistan,PAK,2020,300425666773.043
Palau,PLW,2020,251900000
Panama,PAN,2020,53977000000
Papua New Guinea,PNG,2020,23848265895.9538
Paraguay,PRY,2020,35432178068.1814
Peru,PER,2020,201705055938.653
Philippines,PHL,2020,361751116292.541
Poland,POL,2020,599449188399.108
Portugal,PRT,2020,229031860520.777
Puerto Rico,PRI,2020,103020300000
Qatar,QAT,2020,144411363345.27
Romania,ROU,2020,251362040527.804
Russian Federation,RUS,2020,1489362488439.76
Rwanda,RWA,2020,10184345442.1708
Samoa,WSM,2020,868904477.722589
San Marino,SMR,2020,1541204337.79164
Sao Tome and Principe,STP,2020,472551022.513384
Saudi Arabia,SAU,2020,703367841222.555
Senegal,SEN,2020,24493157583.2282
Serbia,SRB,2020,53356480453.8048
Seychelles,SYC,2020,1261198524.11092
Sierra Leone,SLE,2020,4063289449.58795
Singapore,SGP,2020,345295933898.674
Sint Maarten (Dutch part),SXM,2020,NA
Slovak Republic,SVK,2020,106696828625.55
Slovenia,SVN,2020,53706800043.6842
Solomon Islands,SLB,2020,1536148245.54995
Somalia,SOM,2020,6883000000
South Africa,ZAF,2020,337619680138.494
South Sudan,SSD,2020,NA
Spain,ESP,2020,1276962685648.25
Sri Lanka,LKA,2020,85349112170.9594
St. Kitts and Nevis,KNA,2020,884525925.925926
St. Lucia,LCA,2020,1516015718.73491
St. Martin (French part),MAF,2020,NA
St. Vincent and the Grenadines,VCT,2020,872134555.555555
Sudan,SDN,2020,27034593750
Suriname,SUR,2020,2911807496.20227
Sweden,SWE,2020,547054174235.876
Switzerland,CHE,2020,739913619797.445
Syrian Arab Republic,SYR,2020,11079795397.2805
Tajikistan,TJK,2020,8133996647.90397
Tanzania,TZA,2020,62409709110.9538
Thailand,THA,2020,499681757030.968
Timor-Leste,TLS,2020,2158392539.93697
Togo,TGO,2020,7574636978.66175
Tonga,TON,2020,484806718.323882
Trinidad and Tobago,TTO,2020,21059428851.4883
Tunisia,TUN,2020,42537832456.2651
Turkiye,TUR,2020,720289368333.191
Turkmenistan,TKM,2020,NA
Turks and Caicos Islands,TCA,2020,924583000
Tuvalu,TUV,2020,55054710.6186773
Uganda,UGA,2020,37600368180.9399
Ukraine,UKR,2020,156617861448.576
United Arab Emirates,ARE,2020,349473015336.939
United Kingdom,GBR,2020,2704609160088.15
United States,USA,2020,21060473613000
Uruguay,URY,2020,53560755046.6162
Uzbekistan,UZB,2020,59894305352.8955
Vanuatu,VUT,2020,896879875.195008
"Venezuela, RB",VEN,2020,NA
Vietnam,VNM,2020,346615750664.384
Virgin Islands (U.S.),VIR,2020,4204000000
West Bank and Gaza,PSE,2020,15531700000
"Yemen, Rep.",YEM,2020,NA
Zambia,ZMB,2020,18110631358.3114
Zimbabwe,ZWE,2020,21509698406.1116
